================================================================================
2026-08-29T09:36:00.684Z
status: ok
source: IMG_5372.JPG
output: IMG_5372.jpg
version: 1
backend: codex-subscription
keep_expression: false
summary: innocent expr · age ~10 · holding a small wooden toy b
duration_sec: 132.1

picks:
  pose: holding a small wooden toy boat with both hands, presenting it simply
  gaze: quiet wonder, a small genuine smile
  media: antique wet-plate tintype photograph with chemical patina
  costume: wool cardigan over a white blouse, skirt to the knee, hair loose
  props: a skipping rope loosely coiled, unused
  background: hand-painted birch wood, pale trunks, dappled leaf shadows

prompt:
HIGHEST PRIORITY — FACIAL IDENTITY: This must be unmistakably the same girl as in the input photo, aged to about ten. Preserve bone structure, jawline, cheekbones, nose shape, eye shape and spacing, ears, hairline, hair colour, skin tone, and distinctive features (freckles, dimples, gap between front teeth if present). Do NOT invent a new face, do NOT beautify into a different child, do NOT swap ethnicity. If the source looks younger than ten, age her up modestly into a 10-year-old — longer face, slightly less baby-round cheeks, still clearly a child. If she already looks around ten, keep that age. NEVER age her into a teenager or adult. AGE — ABOUT TEN YEARS OLD: A real 10-year-old girl. Child proportions: larger head relative to body, soft cheeks, small nose, no adult makeup, no adult jaw, no developed figure. She has not yet become a pirate. Innocent, open, still a child. SVARTA MALIN AS A CHILD: This is Malin before the legend — about ten, ordinary, innocent. A Swedish coastal girl who still reads picture books and collects shells. Curious, open, a little shy. Not a captain, not dangerous, not theatrical-power. The portrait should feel like a treasured family studio photograph of a child, not a pirate publicity still. INNOCENCE — NON-NEGOTIABLE: She is a child. No weapons of any kind. No flintlock, cutlass, dagger, axe, pistol, sword, hook, eyepatch, Jolly Roger, skull-and-crossbones, pirate hat, tricorn, parrot-as-pirate-prop, treasure-chest loot, rum bottle, or boarding gear. No adult sexuality, no glamour makeup, no lipstick, no smoky kohl, no beauty spot, no hoop-earring pirate jewellery, no feather boa. Clothing is a child's: dress, pinafore, sailor-collar (the children's-fashion kind, not a pirate shirt), knitted jumper, hair ribbon. Hands empty or holding a child's thing — a book, a shell, a wooden toy boat, a flower, a rag doll. COSTUME — PERIOD CHILD, SIMPLE: One honest outfit, not layered costume. Late-19th / early-20th-century Swedish girl's clothes: pinafore over a cotton dress, sailor-collar children's dress, knitted jumper and skirt, summer smock. Hair ribbon or simple straw hat optional. Visible mending and homemade charm allowed. Never a pirate coat, never gold braid epaulettes, never a sash with weapons. BACKGROUND — PAINTED CHILDHOOD KULISS: A gentle amateur painted backdrop, not a real location. Calm sea, summer garden, birch wood, quiet harbour, cottage porch. Brush strokes visible, perspective slightly wrong, charming. Never a battle, never a kraken, never a volcano, never a storm-at-sea cyclorama competing for attention. FACIAL EXPRESSION — INNOCENT CHILD: Soft, genuine, unguarded. A shy half-smile, a curious open look, a gap-toothed grin, quiet wonder, or a candid glance — never fierce, never commanding, never a villain smirk, never adult glamour. Same girl, child-honest. BODY & POSTURE: A child's pose — small, unguarded, not filling the frame with adult swagger. Seated or standing naturally. Shoulders relaxed, hands visible, no power stance, no hip cock, no chin-up captain address. AMATEUR STUDIO — GENTLE: Village-photographer studio, church-hall school portrait, slightly imperfect painted backdrop. Charming, handmade, never slick, never expensive-looking. Restraint, not panto excess. The child is dressed simply; the set may be a painted kuliss. Transform this photograph into a vintage portrait of Svarta Malin as a child — about ten years old, innocent, not yet a pirate. Portrait orientation, aspect ratio 63:88 (playing card proportions), vertical composition.

Render as a antique wet-plate tintype photograph with chemical patina. Half- or three-quarter-length portrait of a child. holding a small wooden toy boat with both hands, presenting it simply. quiet wonder, a small genuine smile. Costume: wool cardigan over a white blouse, skirt to the knee, hair loose. Prop: a skipping rope loosely coiled, unused. Background: hand-painted birch wood, pale trunks, dappled leaf shadows. No weapons, no pirate costume, no adult glamour. Vintage photographic romanticism in the Svarta Malin style, but for a child's portrait. 1920s–30s Hollywood studio glamour filtered through a gentle family photograph — theatrical only in the painted backdrop, never in the child's costume. Sepia / warm brown tones, soft diffused studio light, antique photographic finish with film grain and faint scratches. NOT modern clothing, NOT bright saturated colors, NOT clean digital look, NOT neon, NOT glossy CGI, NOT hyperrealistic. No pirate, no captain, no tricorn, no skull-and-crossbones, no Jolly Roger, no flintlock, no pistol, no cutlass, no sword, no dagger, no axe, no hook, no eyepatch, no parrot, no rum, no treasure chest of loot, no adult woman, no teenager, no aged-up face, no different person, no face swap, no generic model child, no altered bone structure, no adult makeup, no lipstick, no smoky kohl, no beauty spot, no hoop pirate earrings, no feather boa, no sexy pose, no glamour stare, no hammy villain expression, no power stance, no Pirates of the Caribbean, no Jack Sparrow, no Disney pirate, no modern clothing, no bright saturated colors, no clean digital look, no neon, no glossy CGI, no hyperrealistic skin, no text, no watermark, no playing card overlay.

================================================================================
2026-08-29T09:36:29.421Z
status: ok
source: IMG_5373.JPG
output: IMG_5373.jpg
version: 1
backend: codex-subscription
keep_expression: false
summary: innocent expr · age ~10 · standing small and straight
duration_sec: 28.7

picks:
  pose: standing small and straight, hands loosely at her sides — school-portrait stillness
  gaze: candid glance, gap-toothed if the source has it, completely unguarded
  media: faded hand-tinted photographic portrait on cabinet card
  costume: knitted cream jumper and a gathered skirt, scuffed Sunday shoes
  props: a skipping rope loosely coiled, unused
  background: studio drop of a Swedish archipelago in fair weather — soft clouds, no storm

prompt:
HIGHEST PRIORITY — FACIAL IDENTITY: This must be unmistakably the same girl as in the input photo, aged to about ten. Preserve bone structure, jawline, cheekbones, nose shape, eye shape and spacing, ears, hairline, hair colour, skin tone, and distinctive features (freckles, dimples, gap between front teeth if present). Do NOT invent a new face, do NOT beautify into a different child, do NOT swap ethnicity. If the source looks younger than ten, age her up modestly into a 10-year-old — longer face, slightly less baby-round cheeks, still clearly a child. If she already looks around ten, keep that age. NEVER age her into a teenager or adult. AGE — ABOUT TEN YEARS OLD: A real 10-year-old girl. Child proportions: larger head relative to body, soft cheeks, small nose, no adult makeup, no adult jaw, no developed figure. She has not yet become a pirate. Innocent, open, still a child. SVARTA MALIN AS A CHILD: This is Malin before the legend — about ten, ordinary, innocent. A Swedish coastal girl who still reads picture books and collects shells. Curious, open, a little shy. Not a captain, not dangerous, not theatrical-power. The portrait should feel like a treasured family studio photograph of a child, not a pirate publicity still. INNOCENCE — NON-NEGOTIABLE: She is a child. No weapons of any kind. No flintlock, cutlass, dagger, axe, pistol, sword, hook, eyepatch, Jolly Roger, skull-and-crossbones, pirate hat, tricorn, parrot-as-pirate-prop, treasure-chest loot, rum bottle, or boarding gear. No adult sexuality, no glamour makeup, no lipstick, no smoky kohl, no beauty spot, no hoop-earring pirate jewellery, no feather boa. Clothing is a child's: dress, pinafore, sailor-collar (the children's-fashion kind, not a pirate shirt), knitted jumper, hair ribbon. Hands empty or holding a child's thing — a book, a shell, a wooden toy boat, a flower, a rag doll. COSTUME — PERIOD CHILD, SIMPLE: One honest outfit, not layered costume. Late-19th / early-20th-century Swedish girl's clothes: pinafore over a cotton dress, sailor-collar children's dress, knitted jumper and skirt, summer smock. Hair ribbon or simple straw hat optional. Visible mending and homemade charm allowed. Never a pirate coat, never gold braid epaulettes, never a sash with weapons. BACKGROUND — PAINTED CHILDHOOD KULISS: A gentle amateur painted backdrop, not a real location. Calm sea, summer garden, birch wood, quiet harbour, cottage porch. Brush strokes visible, perspective slightly wrong, charming. Never a battle, never a kraken, never a volcano, never a storm-at-sea cyclorama competing for attention. FACIAL EXPRESSION — INNOCENT CHILD: Soft, genuine, unguarded. A shy half-smile, a curious open look, a gap-toothed grin, quiet wonder, or a candid glance — never fierce, never commanding, never a villain smirk, never adult glamour. Same girl, child-honest. BODY & POSTURE: A child's pose — small, unguarded, not filling the frame with adult swagger. Seated or standing naturally. Shoulders relaxed, hands visible, no power stance, no hip cock, no chin-up captain address. AMATEUR STUDIO — GENTLE: Village-photographer studio, church-hall school portrait, slightly imperfect painted backdrop. Charming, handmade, never slick, never expensive-looking. Restraint, not panto excess. The child is dressed simply; the set may be a painted kuliss. Transform this photograph into a vintage portrait of Svarta Malin as a child — about ten years old, innocent, not yet a pirate. Portrait orientation, aspect ratio 63:88 (playing card proportions), vertical composition.

Render as a faded hand-tinted photographic portrait on cabinet card. Half- or three-quarter-length portrait of a child. standing small and straight, hands loosely at her sides — school-portrait stillness. candid glance, gap-toothed if the source has it, completely unguarded. Costume: knitted cream jumper and a gathered skirt, scuffed Sunday shoes. Prop: a skipping rope loosely coiled, unused. Background: studio drop of a Swedish archipelago in fair weather — soft clouds, no storm. No weapons, no pirate costume, no adult glamour. Vintage photographic romanticism in the Svarta Malin style, but for a child's portrait. 1920s–30s Hollywood studio glamour filtered through a gentle family photograph — theatrical only in the painted backdrop, never in the child's costume. Sepia / warm brown tones, soft diffused studio light, antique photographic finish with film grain and faint scratches. NOT modern clothing, NOT bright saturated colors, NOT clean digital look, NOT neon, NOT glossy CGI, NOT hyperrealistic. No pirate, no captain, no tricorn, no skull-and-crossbones, no Jolly Roger, no flintlock, no pistol, no cutlass, no sword, no dagger, no axe, no hook, no eyepatch, no parrot, no rum, no treasure chest of loot, no adult woman, no teenager, no aged-up face, no different person, no face swap, no generic model child, no altered bone structure, no adult makeup, no lipstick, no smoky kohl, no beauty spot, no hoop pirate earrings, no feather boa, no sexy pose, no glamour stare, no hammy villain expression, no power stance, no Pirates of the Caribbean, no Jack Sparrow, no Disney pirate, no modern clothing, no bright saturated colors, no clean digital look, no neon, no glossy CGI, no hyperrealistic skin, no text, no watermark, no playing card overlay.

================================================================================
2026-08-29T09:36:58.800Z
status: ok
source: IMG_5374.JPG
output: IMG_5374.jpg
version: 1
backend: codex-subscription
keep_expression: false
summary: innocent expr · age ~10 · three-quarter turn
duration_sec: 29.4

picks:
  pose: three-quarter turn, looking back over her shoulder with a quiet smile
  gaze: candid glance, gap-toothed if the source has it, completely unguarded
  media: antique wet-plate tintype photograph with chemical patina
  costume: light summer smock with tiny flowers, rolled sleeves
  props: a skipping rope loosely coiled, unused
  background: painted jetty and still water, seagulls drawn a little too large

prompt:
HIGHEST PRIORITY — FACIAL IDENTITY: This must be unmistakably the same girl as in the input photo, aged to about ten. Preserve bone structure, jawline, cheekbones, nose shape, eye shape and spacing, ears, hairline, hair colour, skin tone, and distinctive features (freckles, dimples, gap between front teeth if present). Do NOT invent a new face, do NOT beautify into a different child, do NOT swap ethnicity. If the source looks younger than ten, age her up modestly into a 10-year-old — longer face, slightly less baby-round cheeks, still clearly a child. If she already looks around ten, keep that age. NEVER age her into a teenager or adult. AGE — ABOUT TEN YEARS OLD: A real 10-year-old girl. Child proportions: larger head relative to body, soft cheeks, small nose, no adult makeup, no adult jaw, no developed figure. She has not yet become a pirate. Innocent, open, still a child. SVARTA MALIN AS A CHILD: This is Malin before the legend — about ten, ordinary, innocent. A Swedish coastal girl who still reads picture books and collects shells. Curious, open, a little shy. Not a captain, not dangerous, not theatrical-power. The portrait should feel like a treasured family studio photograph of a child, not a pirate publicity still. INNOCENCE — NON-NEGOTIABLE: She is a child. No weapons of any kind. No flintlock, cutlass, dagger, axe, pistol, sword, hook, eyepatch, Jolly Roger, skull-and-crossbones, pirate hat, tricorn, parrot-as-pirate-prop, treasure-chest loot, rum bottle, or boarding gear. No adult sexuality, no glamour makeup, no lipstick, no smoky kohl, no beauty spot, no hoop-earring pirate jewellery, no feather boa. Clothing is a child's: dress, pinafore, sailor-collar (the children's-fashion kind, not a pirate shirt), knitted jumper, hair ribbon. Hands empty or holding a child's thing — a book, a shell, a wooden toy boat, a flower, a rag doll. COSTUME — PERIOD CHILD, SIMPLE: One honest outfit, not layered costume. Late-19th / early-20th-century Swedish girl's clothes: pinafore over a cotton dress, sailor-collar children's dress, knitted jumper and skirt, summer smock. Hair ribbon or simple straw hat optional. Visible mending and homemade charm allowed. Never a pirate coat, never gold braid epaulettes, never a sash with weapons. BACKGROUND — PAINTED CHILDHOOD KULISS: A gentle amateur painted backdrop, not a real location. Calm sea, summer garden, birch wood, quiet harbour, cottage porch. Brush strokes visible, perspective slightly wrong, charming. Never a battle, never a kraken, never a volcano, never a storm-at-sea cyclorama competing for attention. FACIAL EXPRESSION — INNOCENT CHILD: Soft, genuine, unguarded. A shy half-smile, a curious open look, a gap-toothed grin, quiet wonder, or a candid glance — never fierce, never commanding, never a villain smirk, never adult glamour. Same girl, child-honest. BODY & POSTURE: A child's pose — small, unguarded, not filling the frame with adult swagger. Seated or standing naturally. Shoulders relaxed, hands visible, no power stance, no hip cock, no chin-up captain address. AMATEUR STUDIO — GENTLE: Village-photographer studio, church-hall school portrait, slightly imperfect painted backdrop. Charming, handmade, never slick, never expensive-looking. Restraint, not panto excess. The child is dressed simply; the set may be a painted kuliss. Transform this photograph into a vintage portrait of Svarta Malin as a child — about ten years old, innocent, not yet a pirate. Portrait orientation, aspect ratio 63:88 (playing card proportions), vertical composition.

Render as a antique wet-plate tintype photograph with chemical patina. Half- or three-quarter-length portrait of a child. three-quarter turn, looking back over her shoulder with a quiet smile. candid glance, gap-toothed if the source has it, completely unguarded. Costume: light summer smock with tiny flowers, rolled sleeves. Prop: a skipping rope loosely coiled, unused. Background: painted jetty and still water, seagulls drawn a little too large. No weapons, no pirate costume, no adult glamour. Vintage photographic romanticism in the Svarta Malin style, but for a child's portrait. 1920s–30s Hollywood studio glamour filtered through a gentle family photograph — theatrical only in the painted backdrop, never in the child's costume. Sepia / warm brown tones, soft diffused studio light, antique photographic finish with film grain and faint scratches. NOT modern clothing, NOT bright saturated colors, NOT clean digital look, NOT neon, NOT glossy CGI, NOT hyperrealistic. No pirate, no captain, no tricorn, no skull-and-crossbones, no Jolly Roger, no flintlock, no pistol, no cutlass, no sword, no dagger, no axe, no hook, no eyepatch, no parrot, no rum, no treasure chest of loot, no adult woman, no teenager, no aged-up face, no different person, no face swap, no generic model child, no altered bone structure, no adult makeup, no lipstick, no smoky kohl, no beauty spot, no hoop pirate earrings, no feather boa, no sexy pose, no glamour stare, no hammy villain expression, no power stance, no Pirates of the Caribbean, no Jack Sparrow, no Disney pirate, no modern clothing, no bright saturated colors, no clean digital look, no neon, no glossy CGI, no hyperrealistic skin, no text, no watermark, no playing card overlay.

================================================================================
2026-08-29T09:37:48.660Z
status: ok
source: IMG_5375.JPG
output: IMG_5375.jpg
version: 1
backend: codex-subscription
keep_expression: false
summary: innocent expr · age ~10 · seated at a small table with
duration_sec: 49.9

picks:
  pose: seated at a small table with an open picture book, looking up from the page
  gaze: quiet wonder, a small genuine smile
  media: 1920s Hollywood studio child publicity still, aged and nostalgic
  costume: linen pinafore and striped stockings, a child's straw hat in her hand not on her head
  props: a skipping rope loosely coiled, unused
  background: aged sepia studio backdrop with a faint painted sea on the horizon

prompt:
HIGHEST PRIORITY — FACIAL IDENTITY: This must be unmistakably the same girl as in the input photo, aged to about ten. Preserve bone structure, jawline, cheekbones, nose shape, eye shape and spacing, ears, hairline, hair colour, skin tone, and distinctive features (freckles, dimples, gap between front teeth if present). Do NOT invent a new face, do NOT beautify into a different child, do NOT swap ethnicity. If the source looks younger than ten, age her up modestly into a 10-year-old — longer face, slightly less baby-round cheeks, still clearly a child. If she already looks around ten, keep that age. NEVER age her into a teenager or adult. AGE — ABOUT TEN YEARS OLD: A real 10-year-old girl. Child proportions: larger head relative to body, soft cheeks, small nose, no adult makeup, no adult jaw, no developed figure. She has not yet become a pirate. Innocent, open, still a child. SVARTA MALIN AS A CHILD: This is Malin before the legend — about ten, ordinary, innocent. A Swedish coastal girl who still reads picture books and collects shells. Curious, open, a little shy. Not a captain, not dangerous, not theatrical-power. The portrait should feel like a treasured family studio photograph of a child, not a pirate publicity still. INNOCENCE — NON-NEGOTIABLE: She is a child. No weapons of any kind. No flintlock, cutlass, dagger, axe, pistol, sword, hook, eyepatch, Jolly Roger, skull-and-crossbones, pirate hat, tricorn, parrot-as-pirate-prop, treasure-chest loot, rum bottle, or boarding gear. No adult sexuality, no glamour makeup, no lipstick, no smoky kohl, no beauty spot, no hoop-earring pirate jewellery, no feather boa. Clothing is a child's: dress, pinafore, sailor-collar (the children's-fashion kind, not a pirate shirt), knitted jumper, hair ribbon. Hands empty or holding a child's thing — a book, a shell, a wooden toy boat, a flower, a rag doll. COSTUME — PERIOD CHILD, SIMPLE: One honest outfit, not layered costume. Late-19th / early-20th-century Swedish girl's clothes: pinafore over a cotton dress, sailor-collar children's dress, knitted jumper and skirt, summer smock. Hair ribbon or simple straw hat optional. Visible mending and homemade charm allowed. Never a pirate coat, never gold braid epaulettes, never a sash with weapons. BACKGROUND — PAINTED CHILDHOOD KULISS: A gentle amateur painted backdrop, not a real location. Calm sea, summer garden, birch wood, quiet harbour, cottage porch. Brush strokes visible, perspective slightly wrong, charming. Never a battle, never a kraken, never a volcano, never a storm-at-sea cyclorama competing for attention. FACIAL EXPRESSION — INNOCENT CHILD: Soft, genuine, unguarded. A shy half-smile, a curious open look, a gap-toothed grin, quiet wonder, or a candid glance — never fierce, never commanding, never a villain smirk, never adult glamour. Same girl, child-honest. BODY & POSTURE: A child's pose — small, unguarded, not filling the frame with adult swagger. Seated or standing naturally. Shoulders relaxed, hands visible, no power stance, no hip cock, no chin-up captain address. AMATEUR STUDIO — GENTLE: Village-photographer studio, church-hall school portrait, slightly imperfect painted backdrop. Charming, handmade, never slick, never expensive-looking. Restraint, not panto excess. The child is dressed simply; the set may be a painted kuliss. Transform this photograph into a vintage portrait of Svarta Malin as a child — about ten years old, innocent, not yet a pirate. Portrait orientation, aspect ratio 63:88 (playing card proportions), vertical composition.

Render as a 1920s Hollywood studio child publicity still, aged and nostalgic. Half- or three-quarter-length portrait of a child. seated at a small table with an open picture book, looking up from the page. quiet wonder, a small genuine smile. Costume: linen pinafore and striped stockings, a child's straw hat in her hand not on her head. Prop: a skipping rope loosely coiled, unused. Background: aged sepia studio backdrop with a faint painted sea on the horizon. No weapons, no pirate costume, no adult glamour. Vintage photographic romanticism in the Svarta Malin style, but for a child's portrait. 1920s–30s Hollywood studio glamour filtered through a gentle family photograph — theatrical only in the painted backdrop, never in the child's costume. Sepia / warm brown tones, soft diffused studio light, antique photographic finish with film grain and faint scratches. NOT modern clothing, NOT bright saturated colors, NOT clean digital look, NOT neon, NOT glossy CGI, NOT hyperrealistic. No pirate, no captain, no tricorn, no skull-and-crossbones, no Jolly Roger, no flintlock, no pistol, no cutlass, no sword, no dagger, no axe, no hook, no eyepatch, no parrot, no rum, no treasure chest of loot, no adult woman, no teenager, no aged-up face, no different person, no face swap, no generic model child, no altered bone structure, no adult makeup, no lipstick, no smoky kohl, no beauty spot, no hoop pirate earrings, no feather boa, no sexy pose, no glamour stare, no hammy villain expression, no power stance, no Pirates of the Caribbean, no Jack Sparrow, no Disney pirate, no modern clothing, no bright saturated colors, no clean digital look, no neon, no glossy CGI, no hyperrealistic skin, no text, no watermark, no playing card overlay.

================================================================================
2026-08-29T09:40:19.848Z
status: ok
source: IMG_5376.JPG
output: IMG_5376.jpg
version: 1
backend: codex-subscription
keep_expression: false
summary: innocent expr · age ~10 · sitting on a painted porch s
duration_sec: 151.2

picks:
  pose: sitting on a painted porch step, elbows on knees, chin in hands
  gaze: curious direct gaze, as if she has just been called by name
  media: 1920s Hollywood studio child publicity still, aged and nostalgic
  costume: knitted cream jumper and a gathered skirt, scuffed Sunday shoes
  props: a small unpainted wooden toy boat
  background: studio drop of a Swedish archipelago in fair weather — soft clouds, no storm

prompt:
HIGHEST PRIORITY — FACIAL IDENTITY: This must be unmistakably the same girl as in the input photo, aged to about ten. Preserve bone structure, jawline, cheekbones, nose shape, eye shape and spacing, ears, hairline, hair colour, skin tone, and distinctive features (freckles, dimples, gap between front teeth if present). Do NOT invent a new face, do NOT beautify into a different child, do NOT swap ethnicity. If the source looks younger than ten, age her up modestly into a 10-year-old — longer face, slightly less baby-round cheeks, still clearly a child. If she already looks around ten, keep that age. NEVER age her into a teenager or adult. AGE — ABOUT TEN YEARS OLD: A real 10-year-old girl. Child proportions: larger head relative to body, soft cheeks, small nose, no adult makeup, no adult jaw, no developed figure. She has not yet become a pirate. Innocent, open, still a child. SVARTA MALIN AS A CHILD: This is Malin before the legend — about ten, ordinary, innocent. A Swedish coastal girl who still reads picture books and collects shells. Curious, open, a little shy. Not a captain, not dangerous, not theatrical-power. The portrait should feel like a treasured family studio photograph of a child, not a pirate publicity still. INNOCENCE — NON-NEGOTIABLE: She is a child. No weapons of any kind. No flintlock, cutlass, dagger, axe, pistol, sword, hook, eyepatch, Jolly Roger, skull-and-crossbones, pirate hat, tricorn, parrot-as-pirate-prop, treasure-chest loot, rum bottle, or boarding gear. No adult sexuality, no glamour makeup, no lipstick, no smoky kohl, no beauty spot, no hoop-earring pirate jewellery, no feather boa. Clothing is a child's: dress, pinafore, sailor-collar (the children's-fashion kind, not a pirate shirt), knitted jumper, hair ribbon. Hands empty or holding a child's thing — a book, a shell, a wooden toy boat, a flower, a rag doll. COSTUME — PERIOD CHILD, SIMPLE: One honest outfit, not layered costume. Late-19th / early-20th-century Swedish girl's clothes: pinafore over a cotton dress, sailor-collar children's dress, knitted jumper and skirt, summer smock. Hair ribbon or simple straw hat optional. Visible mending and homemade charm allowed. Never a pirate coat, never gold braid epaulettes, never a sash with weapons. BACKGROUND — PAINTED CHILDHOOD KULISS: A gentle amateur painted backdrop, not a real location. Calm sea, summer garden, birch wood, quiet harbour, cottage porch. Brush strokes visible, perspective slightly wrong, charming. Never a battle, never a kraken, never a volcano, never a storm-at-sea cyclorama competing for attention. FACIAL EXPRESSION — INNOCENT CHILD: Soft, genuine, unguarded. A shy half-smile, a curious open look, a gap-toothed grin, quiet wonder, or a candid glance — never fierce, never commanding, never a villain smirk, never adult glamour. Same girl, child-honest. BODY & POSTURE: A child's pose — small, unguarded, not filling the frame with adult swagger. Seated or standing naturally. Shoulders relaxed, hands visible, no power stance, no hip cock, no chin-up captain address. AMATEUR STUDIO — GENTLE: Village-photographer studio, church-hall school portrait, slightly imperfect painted backdrop. Charming, handmade, never slick, never expensive-looking. Restraint, not panto excess. The child is dressed simply; the set may be a painted kuliss. Transform this photograph into a vintage portrait of Svarta Malin as a child — about ten years old, innocent, not yet a pirate. Portrait orientation, aspect ratio 63:88 (playing card proportions), vertical composition.

Render as a 1920s Hollywood studio child publicity still, aged and nostalgic. Half- or three-quarter-length portrait of a child. sitting on a painted porch step, elbows on knees, chin in hands. curious direct gaze, as if she has just been called by name. Costume: knitted cream jumper and a gathered skirt, scuffed Sunday shoes. Prop: a small unpainted wooden toy boat. Background: studio drop of a Swedish archipelago in fair weather — soft clouds, no storm. No weapons, no pirate costume, no adult glamour. Vintage photographic romanticism in the Svarta Malin style, but for a child's portrait. 1920s–30s Hollywood studio glamour filtered through a gentle family photograph — theatrical only in the painted backdrop, never in the child's costume. Sepia / warm brown tones, soft diffused studio light, antique photographic finish with film grain and faint scratches. NOT modern clothing, NOT bright saturated colors, NOT clean digital look, NOT neon, NOT glossy CGI, NOT hyperrealistic. No pirate, no captain, no tricorn, no skull-and-crossbones, no Jolly Roger, no flintlock, no pistol, no cutlass, no sword, no dagger, no axe, no hook, no eyepatch, no parrot, no rum, no treasure chest of loot, no adult woman, no teenager, no aged-up face, no different person, no face swap, no generic model child, no altered bone structure, no adult makeup, no lipstick, no smoky kohl, no beauty spot, no hoop pirate earrings, no feather boa, no sexy pose, no glamour stare, no hammy villain expression, no power stance, no Pirates of the Caribbean, no Jack Sparrow, no Disney pirate, no modern clothing, no bright saturated colors, no clean digital look, no neon, no glossy CGI, no hyperrealistic skin, no text, no watermark, no playing card overlay.

================================================================================
2026-08-29T09:47:09.828Z
status: ok
source: IMG_5372.JPG
output: IMG_5372-v2.jpg
version: 2
backend: codex-subscription
keep_expression: false
summary: innocent expr · age ~10 · ship · watercolor · cross-legged on the deck bes
duration_sec: 175.3

picks:
  pose: cross-legged on the deck beside coiled hawser, a wooden toy boat in her lap
  gaze: candid glance, gap-toothed if the source has it, completely unguarded
  media: gouache on cream paper, painterly but careful likeness
  costume: navy sailor-collar smock over Breton stripes, cuffs frayed, one patch on the knee
  props: a single seashell in her open palm
  background: sitting against the mast, rigging and pale sky, salt air

prompt:
HIGHEST PRIORITY — FACIAL IDENTITY: This must be unmistakably the same girl as in the input photo, aged to about ten. Preserve bone structure, jawline, cheekbones, nose shape, eye shape and spacing, ears, hairline, hair colour, skin tone, and distinctive features (freckles, dimples, gap between front teeth if present). Do NOT invent a new face, do NOT beautify into a different child, do NOT swap ethnicity. If the source looks younger than ten, age her up modestly into a 10-year-old — longer face, slightly less baby-round cheeks, still clearly a child. If she already looks around ten, keep that age. NEVER age her into a teenager or adult. AGE — ABOUT TEN YEARS OLD: A real 10-year-old girl. Child proportions: larger head relative to body, soft cheeks, small nose, no adult makeup, no adult jaw, no developed figure. She has not yet become a pirate. Innocent, open, still a child. SVARTA MALIN AS A CHILD: This is Malin before the legend — about ten, a sailor's daughter living aboard a wooden ship. Innocent, curious, wind in her hair. She belongs on deck, not in a studio. Not a captain, not dangerous, not posing for a photographer. A well-made painted portrait of a ship-child. INNOCENCE — NON-NEGOTIABLE: She is a child. No weapons of any kind. No flintlock, cutlass, dagger, axe, pistol, sword, hook, eyepatch, Jolly Roger, skull-and-crossbones, pirate hat, tricorn, parrot-as-pirate-prop, treasure-chest loot, rum bottle, or boarding gear. No adult sexuality, no glamour makeup, no lipstick, no smoky kohl, no beauty spot, no hoop-earring pirate jewellery, no feather boa. Nautical child clothes only — striped sailor kit, not a pirate captain's coat. COSTUME — NAUTICAL, TATTERED CHILD: She wears a child's sailor kit that has seen weather. Breton stripes or navy sailor collar, rope belt, too-big pea coat or salt-stained smock, patched knees, frayed cuffs, a tear mended with mismatched thread, hem coming down, scuffed bare feet or worn deck shoes. Clothes a bit tattered — lived-in, salt and wind, not costume-shop new, not gold-braid captain finery. Never a pirate coat with epaulettes, never a sash with weapons. SETTING — ON A SHIP, NOT A STUDIO: She is physically on the deck of a wooden sailing ship. Planks underfoot, rail, mast, shrouds, coiled rope, canvas sails, sea and sky beyond. Wind, salt air, open weather. Never a photographer's studio, never a painted backdrop curtain, never a stool in front of a cyclorama, never a garden, never a cottage porch. FACIAL EXPRESSION — INNOCENT CHILD: Soft, genuine, unguarded. A shy half-smile, a curious open look, a gap-toothed grin, quiet wonder, or a candid glance — never fierce, never commanding, never a villain smirk, never adult glamour. Same girl, child-honest. BODY & POSTURE: A child's pose on a working ship — small against the rail and rigging. Unguarded, not filling the frame with adult swagger. Shoulders relaxed, hands visible, no power stance, no hip cock, no chin-up captain address. PORTRAIT CRAFT — WELL MADE: This should look like a finished gallery watercolor or a commissioned ink-and-wash portrait. Confident drawing, considered composition, pigment that sits on paper. Handmade, but skilled — not clumsy, not a school-play poster, not a snapshot. Paint a well-made watercolor / hand-drawn portrait of this girl as Svarta Malin at about ten — innocent, not yet a pirate, standing on a wooden sailing ship. Portrait orientation, aspect ratio 63:88 (playing card proportions), vertical composition.

Render as a gouache on cream paper, painterly but careful likeness. Half- or three-quarter-length portrait of a child on deck. cross-legged on the deck beside coiled hawser, a wooden toy boat in her lap. candid glance, gap-toothed if the source has it, completely unguarded. Costume (nautical, a bit tattered): navy sailor-collar smock over Breton stripes, cuffs frayed, one patch on the knee. Prop: a single seashell in her open palm. She is on a ship: sitting against the mast, rigging and pale sky, salt air. No studio, no photograph, no weapons, no pirate captain costume, no adult glamour. A well-made hand-drawn watercolor portrait — skilled illustrator, not a photograph, not amateur theatre. Transparent pigment washes on textured paper, visible brushwork, ink line with watercolor fill, or gouache portrait. Warm earth and sea palette: ochre, umber, salt-grey, faded navy, cream paper. Careful likeness, painterly edges, paper grain. NOT a studio photo, NOT tintype, NOT film grain photograph, NOT CGI, NOT hyperrealistic, NOT neon, NOT clean digital vector, NOT children's-book cartoon, NOT Disney. No studio photograph, no photographer's backdrop, no painted kuliss curtain, no stool-and-cyclorama, no tintype, no wet-plate photo, no film grain photo, no garden, no cottage, no school portrait, no pirate, no captain, no tricorn, no skull-and-crossbones, no Jolly Roger, no flintlock, no pistol, no cutlass, no sword, no dagger, no axe, no hook, no eyepatch, no parrot, no rum, no treasure chest of loot, no adult woman, no teenager, no aged-up face, no different person, no face swap, no generic model child, no altered bone structure, no adult makeup, no lipstick, no smoky kohl, no beauty spot, no hoop pirate earrings, no feather boa, no sexy pose, no glamour stare, no hammy villain expression, no power stance, no Pirates of the Caribbean, no Jack Sparrow, no Disney pirate, no modern clothing, no bright saturated colors, no clean digital look, no neon, no glossy CGI, no hyperrealistic skin, no cartoon, no text, no watermark, no playing card overlay.

================================================================================
2026-08-29T09:48:09.119Z
status: ok
source: IMG_5373.JPG
output: IMG_5373-v2.jpg
version: 2
backend: codex-subscription
keep_expression: false
summary: innocent expr · age ~10 · ship · watercolor · sitting with her back agains
duration_sec: 59.3

picks:
  pose: sitting with her back against the mast, picture book closed in her lap
  gaze: curious direct gaze, as if she has just been called by name
  media: finished watercolor portrait on textured paper, visible washes
  costume: navy sailor-collar smock over Breton stripes, cuffs frayed, one patch on the knee
  props: nothing in her hands — empty child hands on the rail
  background: amidships: mast, shrouds, coiled rope, canvas above, open sky

prompt:
HIGHEST PRIORITY — FACIAL IDENTITY: This must be unmistakably the same girl as in the input photo, aged to about ten. Preserve bone structure, jawline, cheekbones, nose shape, eye shape and spacing, ears, hairline, hair colour, skin tone, and distinctive features (freckles, dimples, gap between front teeth if present). Do NOT invent a new face, do NOT beautify into a different child, do NOT swap ethnicity. If the source looks younger than ten, age her up modestly into a 10-year-old — longer face, slightly less baby-round cheeks, still clearly a child. If she already looks around ten, keep that age. NEVER age her into a teenager or adult. AGE — ABOUT TEN YEARS OLD: A real 10-year-old girl. Child proportions: larger head relative to body, soft cheeks, small nose, no adult makeup, no adult jaw, no developed figure. She has not yet become a pirate. Innocent, open, still a child. SVARTA MALIN AS A CHILD: This is Malin before the legend — about ten, a sailor's daughter living aboard a wooden ship. Innocent, curious, wind in her hair. She belongs on deck, not in a studio. Not a captain, not dangerous, not posing for a photographer. A well-made painted portrait of a ship-child. INNOCENCE — NON-NEGOTIABLE: She is a child. No weapons of any kind. No flintlock, cutlass, dagger, axe, pistol, sword, hook, eyepatch, Jolly Roger, skull-and-crossbones, pirate hat, tricorn, parrot-as-pirate-prop, treasure-chest loot, rum bottle, or boarding gear. No adult sexuality, no glamour makeup, no lipstick, no smoky kohl, no beauty spot, no hoop-earring pirate jewellery, no feather boa. Nautical child clothes only — striped sailor kit, not a pirate captain's coat. COSTUME — NAUTICAL, TATTERED CHILD: She wears a child's sailor kit that has seen weather. Breton stripes or navy sailor collar, rope belt, too-big pea coat or salt-stained smock, patched knees, frayed cuffs, a tear mended with mismatched thread, hem coming down, scuffed bare feet or worn deck shoes. Clothes a bit tattered — lived-in, salt and wind, not costume-shop new, not gold-braid captain finery. Never a pirate coat with epaulettes, never a sash with weapons. SETTING — ON A SHIP, NOT A STUDIO: She is physically on the deck of a wooden sailing ship. Planks underfoot, rail, mast, shrouds, coiled rope, canvas sails, sea and sky beyond. Wind, salt air, open weather. Never a photographer's studio, never a painted backdrop curtain, never a stool in front of a cyclorama, never a garden, never a cottage porch. FACIAL EXPRESSION — INNOCENT CHILD: Soft, genuine, unguarded. A shy half-smile, a curious open look, a gap-toothed grin, quiet wonder, or a candid glance — never fierce, never commanding, never a villain smirk, never adult glamour. Same girl, child-honest. BODY & POSTURE: A child's pose on a working ship — small against the rail and rigging. Unguarded, not filling the frame with adult swagger. Shoulders relaxed, hands visible, no power stance, no hip cock, no chin-up captain address. PORTRAIT CRAFT — WELL MADE: This should look like a finished gallery watercolor or a commissioned ink-and-wash portrait. Confident drawing, considered composition, pigment that sits on paper. Handmade, but skilled — not clumsy, not a school-play poster, not a snapshot. Paint a well-made watercolor / hand-drawn portrait of this girl as Svarta Malin at about ten — innocent, not yet a pirate, standing on a wooden sailing ship. Portrait orientation, aspect ratio 63:88 (playing card proportions), vertical composition.

Render as a finished watercolor portrait on textured paper, visible washes. Half- or three-quarter-length portrait of a child on deck. sitting with her back against the mast, picture book closed in her lap. curious direct gaze, as if she has just been called by name. Costume (nautical, a bit tattered): navy sailor-collar smock over Breton stripes, cuffs frayed, one patch on the knee. Prop: nothing in her hands — empty child hands on the rail. She is on a ship: amidships: mast, shrouds, coiled rope, canvas above, open sky. No studio, no photograph, no weapons, no pirate captain costume, no adult glamour. A well-made hand-drawn watercolor portrait — skilled illustrator, not a photograph, not amateur theatre. Transparent pigment washes on textured paper, visible brushwork, ink line with watercolor fill, or gouache portrait. Warm earth and sea palette: ochre, umber, salt-grey, faded navy, cream paper. Careful likeness, painterly edges, paper grain. NOT a studio photo, NOT tintype, NOT film grain photograph, NOT CGI, NOT hyperrealistic, NOT neon, NOT clean digital vector, NOT children's-book cartoon, NOT Disney. No studio photograph, no photographer's backdrop, no painted kuliss curtain, no stool-and-cyclorama, no tintype, no wet-plate photo, no film grain photo, no garden, no cottage, no school portrait, no pirate, no captain, no tricorn, no skull-and-crossbones, no Jolly Roger, no flintlock, no pistol, no cutlass, no sword, no dagger, no axe, no hook, no eyepatch, no parrot, no rum, no treasure chest of loot, no adult woman, no teenager, no aged-up face, no different person, no face swap, no generic model child, no altered bone structure, no adult makeup, no lipstick, no smoky kohl, no beauty spot, no hoop pirate earrings, no feather boa, no sexy pose, no glamour stare, no hammy villain expression, no power stance, no Pirates of the Caribbean, no Jack Sparrow, no Disney pirate, no modern clothing, no bright saturated colors, no clean digital look, no neon, no glossy CGI, no hyperrealistic skin, no cartoon, no text, no watermark, no playing card overlay.

================================================================================
2026-08-29T09:49:11.810Z
status: ok
source: IMG_5374.JPG
output: IMG_5374-v2.jpg
version: 2
backend: codex-subscription
keep_expression: false
summary: innocent expr · age ~10 · ship · watercolor · sitting on the companionway 
duration_sec: 62.7

picks:
  pose: sitting on the companionway step, elbows on knees, chin in hands
  gaze: quiet wonder, a small genuine smile
  media: ink line and watercolor wash, skilled illustrator's portrait
  costume: oversized striped shirt as a dress, knotted at the side, tattered hem, tar stain on the sleeve
  props: a worn picture book (Elsie Beskow / Tomtebobarnen energy) held gently
  background: wooden deck of a sailing ship, rail and sea beyond, fair weather

prompt:
HIGHEST PRIORITY — FACIAL IDENTITY: This must be unmistakably the same girl as in the input photo, aged to about ten. Preserve bone structure, jawline, cheekbones, nose shape, eye shape and spacing, ears, hairline, hair colour, skin tone, and distinctive features (freckles, dimples, gap between front teeth if present). Do NOT invent a new face, do NOT beautify into a different child, do NOT swap ethnicity. If the source looks younger than ten, age her up modestly into a 10-year-old — longer face, slightly less baby-round cheeks, still clearly a child. If she already looks around ten, keep that age. NEVER age her into a teenager or adult. AGE — ABOUT TEN YEARS OLD: A real 10-year-old girl. Child proportions: larger head relative to body, soft cheeks, small nose, no adult makeup, no adult jaw, no developed figure. She has not yet become a pirate. Innocent, open, still a child. SVARTA MALIN AS A CHILD: This is Malin before the legend — about ten, a sailor's daughter living aboard a wooden ship. Innocent, curious, wind in her hair. She belongs on deck, not in a studio. Not a captain, not dangerous, not posing for a photographer. A well-made painted portrait of a ship-child. INNOCENCE — NON-NEGOTIABLE: She is a child. No weapons of any kind. No flintlock, cutlass, dagger, axe, pistol, sword, hook, eyepatch, Jolly Roger, skull-and-crossbones, pirate hat, tricorn, parrot-as-pirate-prop, treasure-chest loot, rum bottle, or boarding gear. No adult sexuality, no glamour makeup, no lipstick, no smoky kohl, no beauty spot, no hoop-earring pirate jewellery, no feather boa. Nautical child clothes only — striped sailor kit, not a pirate captain's coat. COSTUME — NAUTICAL, TATTERED CHILD: She wears a child's sailor kit that has seen weather. Breton stripes or navy sailor collar, rope belt, too-big pea coat or salt-stained smock, patched knees, frayed cuffs, a tear mended with mismatched thread, hem coming down, scuffed bare feet or worn deck shoes. Clothes a bit tattered — lived-in, salt and wind, not costume-shop new, not gold-braid captain finery. Never a pirate coat with epaulettes, never a sash with weapons. SETTING — ON A SHIP, NOT A STUDIO: She is physically on the deck of a wooden sailing ship. Planks underfoot, rail, mast, shrouds, coiled rope, canvas sails, sea and sky beyond. Wind, salt air, open weather. Never a photographer's studio, never a painted backdrop curtain, never a stool in front of a cyclorama, never a garden, never a cottage porch. FACIAL EXPRESSION — INNOCENT CHILD: Soft, genuine, unguarded. A shy half-smile, a curious open look, a gap-toothed grin, quiet wonder, or a candid glance — never fierce, never commanding, never a villain smirk, never adult glamour. Same girl, child-honest. BODY & POSTURE: A child's pose on a working ship — small against the rail and rigging. Unguarded, not filling the frame with adult swagger. Shoulders relaxed, hands visible, no power stance, no hip cock, no chin-up captain address. PORTRAIT CRAFT — WELL MADE: This should look like a finished gallery watercolor or a commissioned ink-and-wash portrait. Confident drawing, considered composition, pigment that sits on paper. Handmade, but skilled — not clumsy, not a school-play poster, not a snapshot. Paint a well-made watercolor / hand-drawn portrait of this girl as Svarta Malin at about ten — innocent, not yet a pirate, standing on a wooden sailing ship. Portrait orientation, aspect ratio 63:88 (playing card proportions), vertical composition.

Render as a ink line and watercolor wash, skilled illustrator's portrait. Half- or three-quarter-length portrait of a child on deck. sitting on the companionway step, elbows on knees, chin in hands. quiet wonder, a small genuine smile. Costume (nautical, a bit tattered): oversized striped shirt as a dress, knotted at the side, tattered hem, tar stain on the sleeve. Prop: a worn picture book (Elsie Beskow / Tomtebobarnen energy) held gently. She is on a ship: wooden deck of a sailing ship, rail and sea beyond, fair weather. No studio, no photograph, no weapons, no pirate captain costume, no adult glamour. A well-made hand-drawn watercolor portrait — skilled illustrator, not a photograph, not amateur theatre. Transparent pigment washes on textured paper, visible brushwork, ink line with watercolor fill, or gouache portrait. Warm earth and sea palette: ochre, umber, salt-grey, faded navy, cream paper. Careful likeness, painterly edges, paper grain. NOT a studio photo, NOT tintype, NOT film grain photograph, NOT CGI, NOT hyperrealistic, NOT neon, NOT clean digital vector, NOT children's-book cartoon, NOT Disney. No studio photograph, no photographer's backdrop, no painted kuliss curtain, no stool-and-cyclorama, no tintype, no wet-plate photo, no film grain photo, no garden, no cottage, no school portrait, no pirate, no captain, no tricorn, no skull-and-crossbones, no Jolly Roger, no flintlock, no pistol, no cutlass, no sword, no dagger, no axe, no hook, no eyepatch, no parrot, no rum, no treasure chest of loot, no adult woman, no teenager, no aged-up face, no different person, no face swap, no generic model child, no altered bone structure, no adult makeup, no lipstick, no smoky kohl, no beauty spot, no hoop pirate earrings, no feather boa, no sexy pose, no glamour stare, no hammy villain expression, no power stance, no Pirates of the Caribbean, no Jack Sparrow, no Disney pirate, no modern clothing, no bright saturated colors, no clean digital look, no neon, no glossy CGI, no hyperrealistic skin, no cartoon, no text, no watermark, no playing card overlay.

================================================================================
2026-08-29T09:52:03.000Z
status: ok
source: IMG_5375.JPG
output: IMG_5375-v2.jpg
version: 2
backend: codex-subscription
keep_expression: false
summary: innocent expr · age ~10 · ship · watercolor · standing at the ship's rail
duration_sec: 171.2

picks:
  pose: standing at the ship's rail, small hands on the wood, sea behind her
  gaze: quiet wonder, a small genuine smile
  media: ink line and watercolor wash, skilled illustrator's portrait
  costume: worn sailor kit: navy wool, cream stripe, a tear at the shoulder carefully darned
  props: a bit of spare marline / thin rope she is fidgeting with
  background: wooden deck of a sailing ship, rail and sea beyond, fair weather

prompt:
HIGHEST PRIORITY — FACIAL IDENTITY: This must be unmistakably the same girl as in the input photo, aged to about ten. Preserve bone structure, jawline, cheekbones, nose shape, eye shape and spacing, ears, hairline, hair colour, skin tone, and distinctive features (freckles, dimples, gap between front teeth if present). Do NOT invent a new face, do NOT beautify into a different child, do NOT swap ethnicity. If the source looks younger than ten, age her up modestly into a 10-year-old — longer face, slightly less baby-round cheeks, still clearly a child. If she already looks around ten, keep that age. NEVER age her into a teenager or adult. AGE — ABOUT TEN YEARS OLD: A real 10-year-old girl. Child proportions: larger head relative to body, soft cheeks, small nose, no adult makeup, no adult jaw, no developed figure. She has not yet become a pirate. Innocent, open, still a child. SVARTA MALIN AS A CHILD: This is Malin before the legend — about ten, a sailor's daughter living aboard a wooden ship. Innocent, curious, wind in her hair. She belongs on deck, not in a studio. Not a captain, not dangerous, not posing for a photographer. A well-made painted portrait of a ship-child. INNOCENCE — NON-NEGOTIABLE: She is a child. No weapons of any kind. No flintlock, cutlass, dagger, axe, pistol, sword, hook, eyepatch, Jolly Roger, skull-and-crossbones, pirate hat, tricorn, parrot-as-pirate-prop, treasure-chest loot, rum bottle, or boarding gear. No adult sexuality, no glamour makeup, no lipstick, no smoky kohl, no beauty spot, no hoop-earring pirate jewellery, no feather boa. Nautical child clothes only — striped sailor kit, not a pirate captain's coat. COSTUME — NAUTICAL, TATTERED CHILD: She wears a child's sailor kit that has seen weather. Breton stripes or navy sailor collar, rope belt, too-big pea coat or salt-stained smock, patched knees, frayed cuffs, a tear mended with mismatched thread, hem coming down, scuffed bare feet or worn deck shoes. Clothes a bit tattered — lived-in, salt and wind, not costume-shop new, not gold-braid captain finery. Never a pirate coat with epaulettes, never a sash with weapons. SETTING — ON A SHIP, NOT A STUDIO: She is physically on the deck of a wooden sailing ship. Planks underfoot, rail, mast, shrouds, coiled rope, canvas sails, sea and sky beyond. Wind, salt air, open weather. Never a photographer's studio, never a painted backdrop curtain, never a stool in front of a cyclorama, never a garden, never a cottage porch. FACIAL EXPRESSION — INNOCENT CHILD: Soft, genuine, unguarded. A shy half-smile, a curious open look, a gap-toothed grin, quiet wonder, or a candid glance — never fierce, never commanding, never a villain smirk, never adult glamour. Same girl, child-honest. BODY & POSTURE: A child's pose on a working ship — small against the rail and rigging. Unguarded, not filling the frame with adult swagger. Shoulders relaxed, hands visible, no power stance, no hip cock, no chin-up captain address. PORTRAIT CRAFT — WELL MADE: This should look like a finished gallery watercolor or a commissioned ink-and-wash portrait. Confident drawing, considered composition, pigment that sits on paper. Handmade, but skilled — not clumsy, not a school-play poster, not a snapshot. Paint a well-made watercolor / hand-drawn portrait of this girl as Svarta Malin at about ten — innocent, not yet a pirate, standing on a wooden sailing ship. Portrait orientation, aspect ratio 63:88 (playing card proportions), vertical composition.

Render as a ink line and watercolor wash, skilled illustrator's portrait. Half- or three-quarter-length portrait of a child on deck. standing at the ship's rail, small hands on the wood, sea behind her. quiet wonder, a small genuine smile. Costume (nautical, a bit tattered): worn sailor kit: navy wool, cream stripe, a tear at the shoulder carefully darned. Prop: a bit of spare marline / thin rope she is fidgeting with. She is on a ship: wooden deck of a sailing ship, rail and sea beyond, fair weather. No studio, no photograph, no weapons, no pirate captain costume, no adult glamour. A well-made hand-drawn watercolor portrait — skilled illustrator, not a photograph, not amateur theatre. Transparent pigment washes on textured paper, visible brushwork, ink line with watercolor fill, or gouache portrait. Warm earth and sea palette: ochre, umber, salt-grey, faded navy, cream paper. Careful likeness, painterly edges, paper grain. NOT a studio photo, NOT tintype, NOT film grain photograph, NOT CGI, NOT hyperrealistic, NOT neon, NOT clean digital vector, NOT children's-book cartoon, NOT Disney. No studio photograph, no photographer's backdrop, no painted kuliss curtain, no stool-and-cyclorama, no tintype, no wet-plate photo, no film grain photo, no garden, no cottage, no school portrait, no pirate, no captain, no tricorn, no skull-and-crossbones, no Jolly Roger, no flintlock, no pistol, no cutlass, no sword, no dagger, no axe, no hook, no eyepatch, no parrot, no rum, no treasure chest of loot, no adult woman, no teenager, no aged-up face, no different person, no face swap, no generic model child, no altered bone structure, no adult makeup, no lipstick, no smoky kohl, no beauty spot, no hoop pirate earrings, no feather boa, no sexy pose, no glamour stare, no hammy villain expression, no power stance, no Pirates of the Caribbean, no Jack Sparrow, no Disney pirate, no modern clothing, no bright saturated colors, no clean digital look, no neon, no glossy CGI, no hyperrealistic skin, no cartoon, no text, no watermark, no playing card overlay.

================================================================================
2026-08-29T09:53:12.121Z
status: ok
source: IMG_5376.JPG
output: IMG_5376-v2.jpg
version: 2
backend: codex-subscription
keep_expression: false
summary: innocent expr · age ~10 · ship · watercolor · sitting with her back agains
duration_sec: 69.1

picks:
  pose: sitting with her back against the mast, picture book closed in her lap
  gaze: candid glance, gap-toothed if the source has it, completely unguarded
  media: gouache on cream paper, painterly but careful likeness
  costume: child's navy reefer jacket missing a button, striped stockings with a hole
  props: a single seashell in her open palm
  background: sitting against the mast, rigging and pale sky, salt air

prompt:
HIGHEST PRIORITY — FACIAL IDENTITY: This must be unmistakably the same girl as in the input photo, aged to about ten. Preserve bone structure, jawline, cheekbones, nose shape, eye shape and spacing, ears, hairline, hair colour, skin tone, and distinctive features (freckles, dimples, gap between front teeth if present). Do NOT invent a new face, do NOT beautify into a different child, do NOT swap ethnicity. If the source looks younger than ten, age her up modestly into a 10-year-old — longer face, slightly less baby-round cheeks, still clearly a child. If she already looks around ten, keep that age. NEVER age her into a teenager or adult. AGE — ABOUT TEN YEARS OLD: A real 10-year-old girl. Child proportions: larger head relative to body, soft cheeks, small nose, no adult makeup, no adult jaw, no developed figure. She has not yet become a pirate. Innocent, open, still a child. SVARTA MALIN AS A CHILD: This is Malin before the legend — about ten, a sailor's daughter living aboard a wooden ship. Innocent, curious, wind in her hair. She belongs on deck, not in a studio. Not a captain, not dangerous, not posing for a photographer. A well-made painted portrait of a ship-child. INNOCENCE — NON-NEGOTIABLE: She is a child. No weapons of any kind. No flintlock, cutlass, dagger, axe, pistol, sword, hook, eyepatch, Jolly Roger, skull-and-crossbones, pirate hat, tricorn, parrot-as-pirate-prop, treasure-chest loot, rum bottle, or boarding gear. No adult sexuality, no glamour makeup, no lipstick, no smoky kohl, no beauty spot, no hoop-earring pirate jewellery, no feather boa. Nautical child clothes only — striped sailor kit, not a pirate captain's coat. COSTUME — NAUTICAL, TATTERED CHILD: She wears a child's sailor kit that has seen weather. Breton stripes or navy sailor collar, rope belt, too-big pea coat or salt-stained smock, patched knees, frayed cuffs, a tear mended with mismatched thread, hem coming down, scuffed bare feet or worn deck shoes. Clothes a bit tattered — lived-in, salt and wind, not costume-shop new, not gold-braid captain finery. Never a pirate coat with epaulettes, never a sash with weapons. SETTING — ON A SHIP, NOT A STUDIO: She is physically on the deck of a wooden sailing ship. Planks underfoot, rail, mast, shrouds, coiled rope, canvas sails, sea and sky beyond. Wind, salt air, open weather. Never a photographer's studio, never a painted backdrop curtain, never a stool in front of a cyclorama, never a garden, never a cottage porch. FACIAL EXPRESSION — INNOCENT CHILD: Soft, genuine, unguarded. A shy half-smile, a curious open look, a gap-toothed grin, quiet wonder, or a candid glance — never fierce, never commanding, never a villain smirk, never adult glamour. Same girl, child-honest. BODY & POSTURE: A child's pose on a working ship — small against the rail and rigging. Unguarded, not filling the frame with adult swagger. Shoulders relaxed, hands visible, no power stance, no hip cock, no chin-up captain address. PORTRAIT CRAFT — WELL MADE: This should look like a finished gallery watercolor or a commissioned ink-and-wash portrait. Confident drawing, considered composition, pigment that sits on paper. Handmade, but skilled — not clumsy, not a school-play poster, not a snapshot. Paint a well-made watercolor / hand-drawn portrait of this girl as Svarta Malin at about ten — innocent, not yet a pirate, standing on a wooden sailing ship. Portrait orientation, aspect ratio 63:88 (playing card proportions), vertical composition.

Render as a gouache on cream paper, painterly but careful likeness. Half- or three-quarter-length portrait of a child on deck. sitting with her back against the mast, picture book closed in her lap. candid glance, gap-toothed if the source has it, completely unguarded. Costume (nautical, a bit tattered): child's navy reefer jacket missing a button, striped stockings with a hole. Prop: a single seashell in her open palm. She is on a ship: sitting against the mast, rigging and pale sky, salt air. No studio, no photograph, no weapons, no pirate captain costume, no adult glamour. A well-made hand-drawn watercolor portrait — skilled illustrator, not a photograph, not amateur theatre. Transparent pigment washes on textured paper, visible brushwork, ink line with watercolor fill, or gouache portrait. Warm earth and sea palette: ochre, umber, salt-grey, faded navy, cream paper. Careful likeness, painterly edges, paper grain. NOT a studio photo, NOT tintype, NOT film grain photograph, NOT CGI, NOT hyperrealistic, NOT neon, NOT clean digital vector, NOT children's-book cartoon, NOT Disney. No studio photograph, no photographer's backdrop, no painted kuliss curtain, no stool-and-cyclorama, no tintype, no wet-plate photo, no film grain photo, no garden, no cottage, no school portrait, no pirate, no captain, no tricorn, no skull-and-crossbones, no Jolly Roger, no flintlock, no pistol, no cutlass, no sword, no dagger, no axe, no hook, no eyepatch, no parrot, no rum, no treasure chest of loot, no adult woman, no teenager, no aged-up face, no different person, no face swap, no generic model child, no altered bone structure, no adult makeup, no lipstick, no smoky kohl, no beauty spot, no hoop pirate earrings, no feather boa, no sexy pose, no glamour stare, no hammy villain expression, no power stance, no Pirates of the Caribbean, no Jack Sparrow, no Disney pirate, no modern clothing, no bright saturated colors, no clean digital look, no neon, no glossy CGI, no hyperrealistic skin, no cartoon, no text, no watermark, no playing card overlay.

================================================================================
2026-08-29T09:56:37.829Z
status: ok
source: IMG_5372.JPG
output: IMG_5372-v3.jpg
version: 3
backend: codex-subscription
keep_expression: false
summary: innocent expr · age ~10 · dock · sepia bistre ink wash  · leaning on a piling
duration_sec: 82.7

picks:
  location: dock
  place: on a weathered wooden dock / jetty, pilings and still harbour water, moored boats behind
  pose: leaning on a piling, looking back toward the viewer
  gaze: shy half-smile, eyes meeting the viewer then almost glancing away
  media: sepia bistre ink wash drawing, warm brown monochrome, paper showing through
  costume: salt-bleached sailor collar and rope-tied waist, clothes wind-worn not costume-new
  props: a small brass spyglass held to one eye — a child's telescope, not a captain's

prompt:
HIGHEST PRIORITY — FACIAL IDENTITY: This must be unmistakably the same girl as in the input photo, aged to about ten. Preserve bone structure, jawline, cheekbones, nose shape, eye shape and spacing, ears, hairline, hair colour, skin tone, and distinctive features (freckles, dimples, gap between front teeth if present). Do NOT invent a new face, do NOT beautify into a different child, do NOT swap ethnicity. If the source looks younger than ten, age her up modestly into a 10-year-old — longer face, slightly less baby-round cheeks, still clearly a child. If she already looks around ten, keep that age. NEVER age her into a teenager or adult. AGE — ABOUT TEN YEARS OLD: A real 10-year-old girl. Child proportions: larger head relative to body, soft cheeks, small nose, no adult makeup, no adult jaw, no developed figure. She has not yet become a pirate. Innocent, open, still a child. SVARTA MALIN AS A CHILD: This is Malin before the legend — about ten, a sailor's daughter. Innocent, curious, wind in her hair. She may be aboard or ashore on the Swedish coast. Not a captain, not dangerous, not posing in a photographer's studio. INNOCENCE — NON-NEGOTIABLE: She is a child. No weapons of any kind. No flintlock, cutlass, dagger, axe, pistol, sword, hook, eyepatch, Jolly Roger, skull-and-crossbones, pirate hat, tricorn, parrot-as-pirate-prop, treasure-chest loot, rum bottle, or boarding gear. No adult sexuality, no glamour makeup, no lipstick, no smoky kohl, no beauty spot, no hoop-earring pirate jewellery, no feather boa. Nautical child clothes only — striped sailor kit, not a pirate captain's coat. A telescope is a child's brass spyglass, never a weapon. COSTUME — NAUTICAL, TATTERED CHILD: She wears a child's sailor kit that has seen weather. Breton stripes or navy sailor collar, rope belt, too-big pea coat or salt-stained smock, patched knees, frayed cuffs, a tear mended with mismatched thread, hem coming down, scuffed bare feet or worn deck shoes. Clothes a bit tattered — lived-in, salt and wind, not costume-shop new, not gold-braid captain finery. Never a pirate coat with epaulettes, never a sash with weapons. SETTING — COASTAL CHILDHOOD, NEVER A STUDIO: She is outdoors in a real nautical place — ship, dock, rock, shore, harbour. Wind, salt air, open weather. Never a photographer's studio, never a painted backdrop curtain, never a stool in front of a cyclorama, never a garden, never a cottage porch. FACIAL EXPRESSION — INNOCENT CHILD: Soft, genuine, unguarded. A shy half-smile, a curious open look, a gap-toothed grin, quiet wonder, or a candid glance — never fierce, never commanding, never a villain smirk, never adult glamour. Same girl, child-honest. BODY & POSTURE: A child's pose — unguarded, small in the place. Shoulders relaxed, hands visible, no power stance, no hip cock, no chin-up captain address. PORTRAIT CRAFT — WELL MADE: A finished commissioned portrait in the stated medium. Confident composition, careful likeness, handmade and skilled — not clumsy, not a school-play poster, not a snapshot, not a studio cyclorama. Make a well-made portrait of this girl as Svarta Malin at about ten — innocent, not yet a pirate. Portrait orientation, aspect ratio 63:88 (playing card proportions), vertical composition.

Medium: sepia bistre ink wash drawing, warm brown monochrome, paper showing through. Half- or three-quarter-length. Place: on a weathered wooden dock / jetty, pilings and still harbour water, moored boats behind. Pose: leaning on a piling, looking back toward the viewer. shy half-smile, eyes meeting the viewer then almost glancing away. Costume (nautical, a bit tattered): salt-bleached sailor collar and rope-tied waist, clothes wind-worn not costume-new. Prop (must be visible): a small brass spyglass held to one eye — a child's telescope, not a captain's. No studio, no weapons, no pirate captain costume, no adult glamour. Vintage Svarta Malin portrait — weathered, nostalgic, faintly melancholic. Warm earth and sea palette: ochre, umber, salt-grey, faded navy, cream, a touch of faded red or moss green if the medium allows. The chosen medium must read clearly and look well-made. NOT a photographer's studio, NOT CGI, NOT neon, NOT Disney, NOT a children's-book cartoon, NOT glossy digital, NOT hyperrealistic photography. No studio photograph, no photographer's backdrop, no painted kuliss curtain, no stool-and-cyclorama, no garden, no cottage, no school portrait, no pirate, no captain, no tricorn, no skull-and-crossbones, no Jolly Roger, no flintlock, no pistol, no cutlass, no sword, no dagger, no axe, no hook, no eyepatch, no parrot, no rum, no treasure chest of loot, no adult woman, no teenager, no aged-up face, no different person, no face swap, no generic model child, no altered bone structure, no adult makeup, no lipstick, no smoky kohl, no beauty spot, no hoop pirate earrings, no feather boa, no sexy pose, no glamour stare, no hammy villain expression, no power stance, no Pirates of the Caribbean, no Jack Sparrow, no Disney pirate, no modern clothing, no bright saturated colors, no clean digital look, no neon, no glossy CGI, no hyperrealistic skin, no cartoon, no text, no watermark, no playing card overlay.

================================================================================
2026-08-29T09:57:59.980Z
status: ok
source: IMG_5373.JPG
output: IMG_5373-v3.jpg
version: 3
backend: codex-subscription
keep_expression: false
summary: innocent expr · age ~10 · rowboat · hand-coloured lithogra · perched on the thwart of
duration_sec: 82.1

picks:
  location: rowboat
  place: in or beside a small wooden rowboat pulled up on shore or tied at a dock
  pose: perched on the thwart of a tied dinghy at the dock
  gaze: candid glance, gap-toothed if the source has it, completely unguarded
  media: hand-coloured lithograph, 19th-century print, slightly off-register tints
  costume: navy sailor-collar smock over Breton stripes, cuffs frayed, one patch on the knee
  props: a wooden toy boat she is about to set on the water

prompt:
HIGHEST PRIORITY — FACIAL IDENTITY: This must be unmistakably the same girl as in the input photo, aged to about ten. Preserve bone structure, jawline, cheekbones, nose shape, eye shape and spacing, ears, hairline, hair colour, skin tone, and distinctive features (freckles, dimples, gap between front teeth if present). Do NOT invent a new face, do NOT beautify into a different child, do NOT swap ethnicity. If the source looks younger than ten, age her up modestly into a 10-year-old — longer face, slightly less baby-round cheeks, still clearly a child. If she already looks around ten, keep that age. NEVER age her into a teenager or adult. AGE — ABOUT TEN YEARS OLD: A real 10-year-old girl. Child proportions: larger head relative to body, soft cheeks, small nose, no adult makeup, no adult jaw, no developed figure. She has not yet become a pirate. Innocent, open, still a child. SVARTA MALIN AS A CHILD: This is Malin before the legend — about ten, a sailor's daughter. Innocent, curious, wind in her hair. She may be aboard or ashore on the Swedish coast. Not a captain, not dangerous, not posing in a photographer's studio. INNOCENCE — NON-NEGOTIABLE: She is a child. No weapons of any kind. No flintlock, cutlass, dagger, axe, pistol, sword, hook, eyepatch, Jolly Roger, skull-and-crossbones, pirate hat, tricorn, parrot-as-pirate-prop, treasure-chest loot, rum bottle, or boarding gear. No adult sexuality, no glamour makeup, no lipstick, no smoky kohl, no beauty spot, no hoop-earring pirate jewellery, no feather boa. Nautical child clothes only — striped sailor kit, not a pirate captain's coat. A telescope is a child's brass spyglass, never a weapon. COSTUME — NAUTICAL, TATTERED CHILD: She wears a child's sailor kit that has seen weather. Breton stripes or navy sailor collar, rope belt, too-big pea coat or salt-stained smock, patched knees, frayed cuffs, a tear mended with mismatched thread, hem coming down, scuffed bare feet or worn deck shoes. Clothes a bit tattered — lived-in, salt and wind, not costume-shop new, not gold-braid captain finery. Never a pirate coat with epaulettes, never a sash with weapons. SETTING — COASTAL CHILDHOOD, NEVER A STUDIO: She is outdoors in a real nautical place — ship, dock, rock, shore, harbour. Wind, salt air, open weather. Never a photographer's studio, never a painted backdrop curtain, never a stool in front of a cyclorama, never a garden, never a cottage porch. FACIAL EXPRESSION — INNOCENT CHILD: Soft, genuine, unguarded. A shy half-smile, a curious open look, a gap-toothed grin, quiet wonder, or a candid glance — never fierce, never commanding, never a villain smirk, never adult glamour. Same girl, child-honest. BODY & POSTURE: A child's pose — unguarded, small in the place. Shoulders relaxed, hands visible, no power stance, no hip cock, no chin-up captain address. PORTRAIT CRAFT — WELL MADE: A finished commissioned portrait in the stated medium. Confident composition, careful likeness, handmade and skilled — not clumsy, not a school-play poster, not a snapshot, not a studio cyclorama. Make a well-made portrait of this girl as Svarta Malin at about ten — innocent, not yet a pirate. Portrait orientation, aspect ratio 63:88 (playing card proportions), vertical composition.

Medium: hand-coloured lithograph, 19th-century print, slightly off-register tints. Half- or three-quarter-length. Place: in or beside a small wooden rowboat pulled up on shore or tied at a dock. Pose: perched on the thwart of a tied dinghy at the dock. candid glance, gap-toothed if the source has it, completely unguarded. Costume (nautical, a bit tattered): navy sailor-collar smock over Breton stripes, cuffs frayed, one patch on the knee. Prop (must be visible): a wooden toy boat she is about to set on the water. No studio, no weapons, no pirate captain costume, no adult glamour. Vintage Svarta Malin portrait — weathered, nostalgic, faintly melancholic. Warm earth and sea palette: ochre, umber, salt-grey, faded navy, cream, a touch of faded red or moss green if the medium allows. The chosen medium must read clearly and look well-made. NOT a photographer's studio, NOT CGI, NOT neon, NOT Disney, NOT a children's-book cartoon, NOT glossy digital, NOT hyperrealistic photography. No studio photograph, no photographer's backdrop, no painted kuliss curtain, no stool-and-cyclorama, no garden, no cottage, no school portrait, no pirate, no captain, no tricorn, no skull-and-crossbones, no Jolly Roger, no flintlock, no pistol, no cutlass, no sword, no dagger, no axe, no hook, no eyepatch, no parrot, no rum, no treasure chest of loot, no adult woman, no teenager, no aged-up face, no different person, no face swap, no generic model child, no altered bone structure, no adult makeup, no lipstick, no smoky kohl, no beauty spot, no hoop pirate earrings, no feather boa, no sexy pose, no glamour stare, no hammy villain expression, no power stance, no Pirates of the Caribbean, no Jack Sparrow, no Disney pirate, no modern clothing, no bright saturated colors, no clean digital look, no neon, no glossy CGI, no hyperrealistic skin, no cartoon, no text, no watermark, no playing card overlay.

================================================================================
2026-08-29T09:58:36.103Z
status: ok
source: IMG_5374.JPG
output: IMG_5374-v3.jpg
version: 3
backend: codex-subscription
keep_expression: false
summary: innocent expr · age ~10 · dock · soft pastel on toned p · sitting on the dock edge
duration_sec: 36.1

picks:
  location: dock
  place: on a weathered wooden dock / jetty, pilings and still harbour water, moored boats behind
  pose: sitting on the dock edge, heels kicking above the water
  gaze: curious direct gaze, as if she has just been called by name
  media: soft pastel on toned paper, chalky strokes, sea-air light
  costume: too-big salt-stained pea coat, striped undershirt, rope belt, hem coming down
  props: a coil of thick hawser rope in her lap, one end in her hands

prompt:
HIGHEST PRIORITY — FACIAL IDENTITY: This must be unmistakably the same girl as in the input photo, aged to about ten. Preserve bone structure, jawline, cheekbones, nose shape, eye shape and spacing, ears, hairline, hair colour, skin tone, and distinctive features (freckles, dimples, gap between front teeth if present). Do NOT invent a new face, do NOT beautify into a different child, do NOT swap ethnicity. If the source looks younger than ten, age her up modestly into a 10-year-old — longer face, slightly less baby-round cheeks, still clearly a child. If she already looks around ten, keep that age. NEVER age her into a teenager or adult. AGE — ABOUT TEN YEARS OLD: A real 10-year-old girl. Child proportions: larger head relative to body, soft cheeks, small nose, no adult makeup, no adult jaw, no developed figure. She has not yet become a pirate. Innocent, open, still a child. SVARTA MALIN AS A CHILD: This is Malin before the legend — about ten, a sailor's daughter. Innocent, curious, wind in her hair. She may be aboard or ashore on the Swedish coast. Not a captain, not dangerous, not posing in a photographer's studio. INNOCENCE — NON-NEGOTIABLE: She is a child. No weapons of any kind. No flintlock, cutlass, dagger, axe, pistol, sword, hook, eyepatch, Jolly Roger, skull-and-crossbones, pirate hat, tricorn, parrot-as-pirate-prop, treasure-chest loot, rum bottle, or boarding gear. No adult sexuality, no glamour makeup, no lipstick, no smoky kohl, no beauty spot, no hoop-earring pirate jewellery, no feather boa. Nautical child clothes only — striped sailor kit, not a pirate captain's coat. A telescope is a child's brass spyglass, never a weapon. COSTUME — NAUTICAL, TATTERED CHILD: She wears a child's sailor kit that has seen weather. Breton stripes or navy sailor collar, rope belt, too-big pea coat or salt-stained smock, patched knees, frayed cuffs, a tear mended with mismatched thread, hem coming down, scuffed bare feet or worn deck shoes. Clothes a bit tattered — lived-in, salt and wind, not costume-shop new, not gold-braid captain finery. Never a pirate coat with epaulettes, never a sash with weapons. SETTING — COASTAL CHILDHOOD, NEVER A STUDIO: She is outdoors in a real nautical place — ship, dock, rock, shore, harbour. Wind, salt air, open weather. Never a photographer's studio, never a painted backdrop curtain, never a stool in front of a cyclorama, never a garden, never a cottage porch. FACIAL EXPRESSION — INNOCENT CHILD: Soft, genuine, unguarded. A shy half-smile, a curious open look, a gap-toothed grin, quiet wonder, or a candid glance — never fierce, never commanding, never a villain smirk, never adult glamour. Same girl, child-honest. BODY & POSTURE: A child's pose — unguarded, small in the place. Shoulders relaxed, hands visible, no power stance, no hip cock, no chin-up captain address. PORTRAIT CRAFT — WELL MADE: A finished commissioned portrait in the stated medium. Confident composition, careful likeness, handmade and skilled — not clumsy, not a school-play poster, not a snapshot, not a studio cyclorama. Make a well-made portrait of this girl as Svarta Malin at about ten — innocent, not yet a pirate. Portrait orientation, aspect ratio 63:88 (playing card proportions), vertical composition.

Medium: soft pastel on toned paper, chalky strokes, sea-air light. Half- or three-quarter-length. Place: on a weathered wooden dock / jetty, pilings and still harbour water, moored boats behind. Pose: sitting on the dock edge, heels kicking above the water. curious direct gaze, as if she has just been called by name. Costume (nautical, a bit tattered): too-big salt-stained pea coat, striped undershirt, rope belt, hem coming down. Prop (must be visible): a coil of thick hawser rope in her lap, one end in her hands. No studio, no weapons, no pirate captain costume, no adult glamour. Vintage Svarta Malin portrait — weathered, nostalgic, faintly melancholic. Warm earth and sea palette: ochre, umber, salt-grey, faded navy, cream, a touch of faded red or moss green if the medium allows. The chosen medium must read clearly and look well-made. NOT a photographer's studio, NOT CGI, NOT neon, NOT Disney, NOT a children's-book cartoon, NOT glossy digital, NOT hyperrealistic photography. No studio photograph, no photographer's backdrop, no painted kuliss curtain, no stool-and-cyclorama, no garden, no cottage, no school portrait, no pirate, no captain, no tricorn, no skull-and-crossbones, no Jolly Roger, no flintlock, no pistol, no cutlass, no sword, no dagger, no axe, no hook, no eyepatch, no parrot, no rum, no treasure chest of loot, no adult woman, no teenager, no aged-up face, no different person, no face swap, no generic model child, no altered bone structure, no adult makeup, no lipstick, no smoky kohl, no beauty spot, no hoop pirate earrings, no feather boa, no sexy pose, no glamour stare, no hammy villain expression, no power stance, no Pirates of the Caribbean, no Jack Sparrow, no Disney pirate, no modern clothing, no bright saturated colors, no clean digital look, no neon, no glossy CGI, no hyperrealistic skin, no cartoon, no text, no watermark, no playing card overlay.

================================================================================
2026-08-29T09:59:33.237Z
status: ok
source: IMG_5375.JPG
output: IMG_5375-v3.jpg
version: 3
backend: codex-subscription
keep_expression: false
summary: innocent expr · age ~10 · rowboat · Swedish picture-book i · standing in the shallows
duration_sec: 57.1

picks:
  location: rowboat
  place: in or beside a small wooden rowboat pulled up on shore or tied at a dock
  pose: standing in the shallows beside the rowboat, one hand on the gunwale
  gaze: curious direct gaze, as if she has just been called by name
  media: Swedish picture-book illustration in the spirit of Bauer or Beskow — lyrical, not cartoon, not Disney
  costume: faded indigo sailor dress, torn pocket mended with mismatched thread, bare feet
  props: a spyglass tucked under her arm, looking toward the horizon without using it

prompt:
HIGHEST PRIORITY — FACIAL IDENTITY: This must be unmistakably the same girl as in the input photo, aged to about ten. Preserve bone structure, jawline, cheekbones, nose shape, eye shape and spacing, ears, hairline, hair colour, skin tone, and distinctive features (freckles, dimples, gap between front teeth if present). Do NOT invent a new face, do NOT beautify into a different child, do NOT swap ethnicity. If the source looks younger than ten, age her up modestly into a 10-year-old — longer face, slightly less baby-round cheeks, still clearly a child. If she already looks around ten, keep that age. NEVER age her into a teenager or adult. AGE — ABOUT TEN YEARS OLD: A real 10-year-old girl. Child proportions: larger head relative to body, soft cheeks, small nose, no adult makeup, no adult jaw, no developed figure. She has not yet become a pirate. Innocent, open, still a child. SVARTA MALIN AS A CHILD: This is Malin before the legend — about ten, a sailor's daughter. Innocent, curious, wind in her hair. She may be aboard or ashore on the Swedish coast. Not a captain, not dangerous, not posing in a photographer's studio. INNOCENCE — NON-NEGOTIABLE: She is a child. No weapons of any kind. No flintlock, cutlass, dagger, axe, pistol, sword, hook, eyepatch, Jolly Roger, skull-and-crossbones, pirate hat, tricorn, parrot-as-pirate-prop, treasure-chest loot, rum bottle, or boarding gear. No adult sexuality, no glamour makeup, no lipstick, no smoky kohl, no beauty spot, no hoop-earring pirate jewellery, no feather boa. Nautical child clothes only — striped sailor kit, not a pirate captain's coat. A telescope is a child's brass spyglass, never a weapon. COSTUME — NAUTICAL, TATTERED CHILD: She wears a child's sailor kit that has seen weather. Breton stripes or navy sailor collar, rope belt, too-big pea coat or salt-stained smock, patched knees, frayed cuffs, a tear mended with mismatched thread, hem coming down, scuffed bare feet or worn deck shoes. Clothes a bit tattered — lived-in, salt and wind, not costume-shop new, not gold-braid captain finery. Never a pirate coat with epaulettes, never a sash with weapons. SETTING — COASTAL CHILDHOOD, NEVER A STUDIO: She is outdoors in a real nautical place — ship, dock, rock, shore, harbour. Wind, salt air, open weather. Never a photographer's studio, never a painted backdrop curtain, never a stool in front of a cyclorama, never a garden, never a cottage porch. FACIAL EXPRESSION — INNOCENT CHILD: Soft, genuine, unguarded. A shy half-smile, a curious open look, a gap-toothed grin, quiet wonder, or a candid glance — never fierce, never commanding, never a villain smirk, never adult glamour. Same girl, child-honest. BODY & POSTURE: A child's pose — unguarded, small in the place. Shoulders relaxed, hands visible, no power stance, no hip cock, no chin-up captain address. PORTRAIT CRAFT — WELL MADE: A finished commissioned portrait in the stated medium. Confident composition, careful likeness, handmade and skilled — not clumsy, not a school-play poster, not a snapshot, not a studio cyclorama. Make a well-made portrait of this girl as Svarta Malin at about ten — innocent, not yet a pirate. Portrait orientation, aspect ratio 63:88 (playing card proportions), vertical composition.

Medium: Swedish picture-book illustration in the spirit of Bauer or Beskow — lyrical, not cartoon, not Disney. Half- or three-quarter-length. Place: in or beside a small wooden rowboat pulled up on shore or tied at a dock. Pose: standing in the shallows beside the rowboat, one hand on the gunwale. curious direct gaze, as if she has just been called by name. Costume (nautical, a bit tattered): faded indigo sailor dress, torn pocket mended with mismatched thread, bare feet. Prop (must be visible): a spyglass tucked under her arm, looking toward the horizon without using it. No studio, no weapons, no pirate captain costume, no adult glamour. Vintage Svarta Malin portrait — weathered, nostalgic, faintly melancholic. Warm earth and sea palette: ochre, umber, salt-grey, faded navy, cream, a touch of faded red or moss green if the medium allows. The chosen medium must read clearly and look well-made. NOT a photographer's studio, NOT CGI, NOT neon, NOT Disney, NOT a children's-book cartoon, NOT glossy digital, NOT hyperrealistic photography. No studio photograph, no photographer's backdrop, no painted kuliss curtain, no stool-and-cyclorama, no garden, no cottage, no school portrait, no pirate, no captain, no tricorn, no skull-and-crossbones, no Jolly Roger, no flintlock, no pistol, no cutlass, no sword, no dagger, no axe, no hook, no eyepatch, no parrot, no rum, no treasure chest of loot, no adult woman, no teenager, no aged-up face, no different person, no face swap, no generic model child, no altered bone structure, no adult makeup, no lipstick, no smoky kohl, no beauty spot, no hoop pirate earrings, no feather boa, no sexy pose, no glamour stare, no hammy villain expression, no power stance, no Pirates of the Caribbean, no Jack Sparrow, no Disney pirate, no modern clothing, no bright saturated colors, no clean digital look, no neon, no glossy CGI, no hyperrealistic skin, no cartoon, no text, no watermark, no playing card overlay.

================================================================================
2026-08-29T10:00:05.783Z
status: ok
source: IMG_5376.JPG
output: IMG_5376-v3.jpg
version: 3
backend: codex-subscription
keep_expression: false
summary: innocent expr · age ~10 · shore · ink line and watercolo · sitting on driftwood
duration_sec: 32.5

picks:
  location: shore
  place: on a pebble beach / shoreline, seaweed and driftwood, a quiet bay
  pose: sitting on driftwood, the bay opening behind her
  gaze: soft open look toward the viewer — unafraid, not fierce
  media: ink line and watercolor wash, skilled illustrator's portrait
  costume: too-big salt-stained pea coat, striped undershirt, rope belt, hem coming down
  props: a small brass spyglass held to one eye — a child's telescope, not a captain's

prompt:
HIGHEST PRIORITY — FACIAL IDENTITY: This must be unmistakably the same girl as in the input photo, aged to about ten. Preserve bone structure, jawline, cheekbones, nose shape, eye shape and spacing, ears, hairline, hair colour, skin tone, and distinctive features (freckles, dimples, gap between front teeth if present). Do NOT invent a new face, do NOT beautify into a different child, do NOT swap ethnicity. If the source looks younger than ten, age her up modestly into a 10-year-old — longer face, slightly less baby-round cheeks, still clearly a child. If she already looks around ten, keep that age. NEVER age her into a teenager or adult. AGE — ABOUT TEN YEARS OLD: A real 10-year-old girl. Child proportions: larger head relative to body, soft cheeks, small nose, no adult makeup, no adult jaw, no developed figure. She has not yet become a pirate. Innocent, open, still a child. SVARTA MALIN AS A CHILD: This is Malin before the legend — about ten, a sailor's daughter. Innocent, curious, wind in her hair. She may be aboard or ashore on the Swedish coast. Not a captain, not dangerous, not posing in a photographer's studio. INNOCENCE — NON-NEGOTIABLE: She is a child. No weapons of any kind. No flintlock, cutlass, dagger, axe, pistol, sword, hook, eyepatch, Jolly Roger, skull-and-crossbones, pirate hat, tricorn, parrot-as-pirate-prop, treasure-chest loot, rum bottle, or boarding gear. No adult sexuality, no glamour makeup, no lipstick, no smoky kohl, no beauty spot, no hoop-earring pirate jewellery, no feather boa. Nautical child clothes only — striped sailor kit, not a pirate captain's coat. A telescope is a child's brass spyglass, never a weapon. COSTUME — NAUTICAL, TATTERED CHILD: She wears a child's sailor kit that has seen weather. Breton stripes or navy sailor collar, rope belt, too-big pea coat or salt-stained smock, patched knees, frayed cuffs, a tear mended with mismatched thread, hem coming down, scuffed bare feet or worn deck shoes. Clothes a bit tattered — lived-in, salt and wind, not costume-shop new, not gold-braid captain finery. Never a pirate coat with epaulettes, never a sash with weapons. SETTING — COASTAL CHILDHOOD, NEVER A STUDIO: She is outdoors in a real nautical place — ship, dock, rock, shore, harbour. Wind, salt air, open weather. Never a photographer's studio, never a painted backdrop curtain, never a stool in front of a cyclorama, never a garden, never a cottage porch. FACIAL EXPRESSION — INNOCENT CHILD: Soft, genuine, unguarded. A shy half-smile, a curious open look, a gap-toothed grin, quiet wonder, or a candid glance — never fierce, never commanding, never a villain smirk, never adult glamour. Same girl, child-honest. BODY & POSTURE: A child's pose — unguarded, small in the place. Shoulders relaxed, hands visible, no power stance, no hip cock, no chin-up captain address. PORTRAIT CRAFT — WELL MADE: A finished commissioned portrait in the stated medium. Confident composition, careful likeness, handmade and skilled — not clumsy, not a school-play poster, not a snapshot, not a studio cyclorama. Make a well-made portrait of this girl as Svarta Malin at about ten — innocent, not yet a pirate. Portrait orientation, aspect ratio 63:88 (playing card proportions), vertical composition.

Medium: ink line and watercolor wash, skilled illustrator's portrait. Half- or three-quarter-length. Place: on a pebble beach / shoreline, seaweed and driftwood, a quiet bay. Pose: sitting on driftwood, the bay opening behind her. soft open look toward the viewer — unafraid, not fierce. Costume (nautical, a bit tattered): too-big salt-stained pea coat, striped undershirt, rope belt, hem coming down. Prop (must be visible): a small brass spyglass held to one eye — a child's telescope, not a captain's. No studio, no weapons, no pirate captain costume, no adult glamour. Vintage Svarta Malin portrait — weathered, nostalgic, faintly melancholic. Warm earth and sea palette: ochre, umber, salt-grey, faded navy, cream, a touch of faded red or moss green if the medium allows. The chosen medium must read clearly and look well-made. NOT a photographer's studio, NOT CGI, NOT neon, NOT Disney, NOT a children's-book cartoon, NOT glossy digital, NOT hyperrealistic photography. No studio photograph, no photographer's backdrop, no painted kuliss curtain, no stool-and-cyclorama, no garden, no cottage, no school portrait, no pirate, no captain, no tricorn, no skull-and-crossbones, no Jolly Roger, no flintlock, no pistol, no cutlass, no sword, no dagger, no axe, no hook, no eyepatch, no parrot, no rum, no treasure chest of loot, no adult woman, no teenager, no aged-up face, no different person, no face swap, no generic model child, no altered bone structure, no adult makeup, no lipstick, no smoky kohl, no beauty spot, no hoop pirate earrings, no feather boa, no sexy pose, no glamour stare, no hammy villain expression, no power stance, no Pirates of the Caribbean, no Jack Sparrow, no Disney pirate, no modern clothing, no bright saturated colors, no clean digital look, no neon, no glossy CGI, no hyperrealistic skin, no cartoon, no text, no watermark, no playing card overlay.

================================================================================
2026-08-29T10:01:06.637Z
status: ok
source: IMG_5372.JPG
output: IMG_5372-v4.jpg
version: 4
backend: codex-subscription
keep_expression: false
summary: innocent expr · age ~10 · dock · hand-coloured lithogra · leaning on a piling
duration_sec: 60.9

picks:
  location: dock
  place: on a weathered wooden dock / jetty, pilings and still harbour water, moored boats behind
  pose: leaning on a piling, looking back toward the viewer
  gaze: candid glance, gap-toothed if the source has it, completely unguarded
  media: hand-coloured lithograph, 19th-century print, slightly off-register tints
  costume: worn sailor kit: navy wool, cream stripe, a tear at the shoulder carefully darned
  props: a small brass spyglass held to one eye — a child's telescope, not a captain's

prompt:
HIGHEST PRIORITY — FACIAL IDENTITY: This must be unmistakably the same girl as in the input photo, aged to about ten. Preserve bone structure, jawline, cheekbones, nose shape, eye shape and spacing, ears, hairline, hair colour, skin tone, and distinctive features (freckles, dimples, gap between front teeth if present). Do NOT invent a new face, do NOT beautify into a different child, do NOT swap ethnicity. If the source looks younger than ten, age her up modestly into a 10-year-old — longer face, slightly less baby-round cheeks, still clearly a child. If she already looks around ten, keep that age. NEVER age her into a teenager or adult. AGE — ABOUT TEN YEARS OLD: A real 10-year-old girl. Child proportions: larger head relative to body, soft cheeks, small nose, no adult makeup, no adult jaw, no developed figure. She has not yet become a pirate. Innocent, open, still a child. SVARTA MALIN AS A CHILD: This is Malin before the legend — about ten, a sailor's daughter. Innocent, curious, wind in her hair. She may be aboard or ashore on the Swedish coast. Not a captain, not dangerous, not posing in a photographer's studio. INNOCENCE — NON-NEGOTIABLE: She is a child. No weapons of any kind. No flintlock, cutlass, dagger, axe, pistol, sword, hook, eyepatch, Jolly Roger, skull-and-crossbones, pirate hat, tricorn, parrot-as-pirate-prop, treasure-chest loot, rum bottle, or boarding gear. No adult sexuality, no glamour makeup, no lipstick, no smoky kohl, no beauty spot, no hoop-earring pirate jewellery, no feather boa. Nautical child clothes only — striped sailor kit, not a pirate captain's coat. A telescope is a child's brass spyglass, never a weapon. COSTUME — NAUTICAL, TATTERED CHILD: She wears a child's sailor kit that has seen weather. Breton stripes or navy sailor collar, rope belt, too-big pea coat or salt-stained smock, patched knees, frayed cuffs, a tear mended with mismatched thread, hem coming down, scuffed bare feet or worn deck shoes. Clothes a bit tattered — lived-in, salt and wind, not costume-shop new, not gold-braid captain finery. Never a pirate coat with epaulettes, never a sash with weapons. SETTING — COASTAL CHILDHOOD, NEVER A STUDIO: She is outdoors in a real nautical place — ship, dock, rock, shore, harbour. Wind, salt air, open weather. Never a photographer's studio, never a painted backdrop curtain, never a stool in front of a cyclorama, never a garden, never a cottage porch. FACIAL EXPRESSION — INNOCENT CHILD: Soft, genuine, unguarded. A shy half-smile, a curious open look, a gap-toothed grin, quiet wonder, or a candid glance — never fierce, never commanding, never a villain smirk, never adult glamour. Same girl, child-honest. BODY & POSTURE: A child's pose — unguarded, small in the place. Shoulders relaxed, hands visible, no power stance, no hip cock, no chin-up captain address. PORTRAIT CRAFT — WELL MADE: A finished commissioned portrait in the stated medium. Confident composition, careful likeness, handmade and skilled — not clumsy, not a school-play poster, not a snapshot, not a studio cyclorama. Make a well-made portrait of this girl as Svarta Malin at about ten — innocent, not yet a pirate. Portrait orientation, aspect ratio 63:88 (playing card proportions), vertical composition.

Medium: hand-coloured lithograph, 19th-century print, slightly off-register tints. Half- or three-quarter-length. Place: on a weathered wooden dock / jetty, pilings and still harbour water, moored boats behind. Pose: leaning on a piling, looking back toward the viewer. candid glance, gap-toothed if the source has it, completely unguarded. Costume (nautical, a bit tattered): worn sailor kit: navy wool, cream stripe, a tear at the shoulder carefully darned. Prop (must be visible): a small brass spyglass held to one eye — a child's telescope, not a captain's. No studio, no weapons, no pirate captain costume, no adult glamour. Vintage Svarta Malin portrait — weathered, nostalgic, faintly melancholic. Warm earth and sea palette: ochre, umber, salt-grey, faded navy, cream, a touch of faded red or moss green if the medium allows. The chosen medium must read clearly and look well-made. NOT a photographer's studio, NOT CGI, NOT neon, NOT Disney, NOT a children's-book cartoon, NOT glossy digital, NOT hyperrealistic photography. No studio photograph, no photographer's backdrop, no painted kuliss curtain, no stool-and-cyclorama, no garden, no cottage, no school portrait, no pirate, no captain, no tricorn, no skull-and-crossbones, no Jolly Roger, no flintlock, no pistol, no cutlass, no sword, no dagger, no axe, no hook, no eyepatch, no parrot, no rum, no treasure chest of loot, no adult woman, no teenager, no aged-up face, no different person, no face swap, no generic model child, no altered bone structure, no adult makeup, no lipstick, no smoky kohl, no beauty spot, no hoop pirate earrings, no feather boa, no sexy pose, no glamour stare, no hammy villain expression, no power stance, no Pirates of the Caribbean, no Jack Sparrow, no Disney pirate, no modern clothing, no bright saturated colors, no clean digital look, no neon, no glossy CGI, no hyperrealistic skin, no cartoon, no text, no watermark, no playing card overlay.

================================================================================
2026-08-29T10:02:10.009Z
status: ok
source: IMG_5373.JPG
output: IMG_5373-v4.jpg
version: 4
backend: codex-subscription
keep_expression: false
summary: innocent expr · age ~10 · rock · sepia bistre ink wash  · perched on a cliff-edge 
duration_sec: 63.4

picks:
  location: rock
  place: on a granite rock by the water, Swedish skerries, waves at the foot of the stone
  pose: perched on a cliff-edge rock, water far below, not dangerous-looking
  gaze: curious direct gaze, as if she has just been called by name
  media: sepia bistre ink wash drawing, warm brown monochrome, paper showing through
  costume: navy sailor-collar smock over Breton stripes, cuffs frayed, one patch on the knee
  props: a closed brass telescope held in both hands like something precious

prompt:
HIGHEST PRIORITY — FACIAL IDENTITY: This must be unmistakably the same girl as in the input photo, aged to about ten. Preserve bone structure, jawline, cheekbones, nose shape, eye shape and spacing, ears, hairline, hair colour, skin tone, and distinctive features (freckles, dimples, gap between front teeth if present). Do NOT invent a new face, do NOT beautify into a different child, do NOT swap ethnicity. If the source looks younger than ten, age her up modestly into a 10-year-old — longer face, slightly less baby-round cheeks, still clearly a child. If she already looks around ten, keep that age. NEVER age her into a teenager or adult. AGE — ABOUT TEN YEARS OLD: A real 10-year-old girl. Child proportions: larger head relative to body, soft cheeks, small nose, no adult makeup, no adult jaw, no developed figure. She has not yet become a pirate. Innocent, open, still a child. SVARTA MALIN AS A CHILD: This is Malin before the legend — about ten, a sailor's daughter. Innocent, curious, wind in her hair. She may be aboard or ashore on the Swedish coast. Not a captain, not dangerous, not posing in a photographer's studio. INNOCENCE — NON-NEGOTIABLE: She is a child. No weapons of any kind. No flintlock, cutlass, dagger, axe, pistol, sword, hook, eyepatch, Jolly Roger, skull-and-crossbones, pirate hat, tricorn, parrot-as-pirate-prop, treasure-chest loot, rum bottle, or boarding gear. No adult sexuality, no glamour makeup, no lipstick, no smoky kohl, no beauty spot, no hoop-earring pirate jewellery, no feather boa. Nautical child clothes only — striped sailor kit, not a pirate captain's coat. A telescope is a child's brass spyglass, never a weapon. COSTUME — NAUTICAL, TATTERED CHILD: She wears a child's sailor kit that has seen weather. Breton stripes or navy sailor collar, rope belt, too-big pea coat or salt-stained smock, patched knees, frayed cuffs, a tear mended with mismatched thread, hem coming down, scuffed bare feet or worn deck shoes. Clothes a bit tattered — lived-in, salt and wind, not costume-shop new, not gold-braid captain finery. Never a pirate coat with epaulettes, never a sash with weapons. SETTING — COASTAL CHILDHOOD, NEVER A STUDIO: She is outdoors in a real nautical place — ship, dock, rock, shore, harbour. Wind, salt air, open weather. Never a photographer's studio, never a painted backdrop curtain, never a stool in front of a cyclorama, never a garden, never a cottage porch. FACIAL EXPRESSION — INNOCENT CHILD: Soft, genuine, unguarded. A shy half-smile, a curious open look, a gap-toothed grin, quiet wonder, or a candid glance — never fierce, never commanding, never a villain smirk, never adult glamour. Same girl, child-honest. BODY & POSTURE: A child's pose — unguarded, small in the place. Shoulders relaxed, hands visible, no power stance, no hip cock, no chin-up captain address. PORTRAIT CRAFT — WELL MADE: A finished commissioned portrait in the stated medium. Confident composition, careful likeness, handmade and skilled — not clumsy, not a school-play poster, not a snapshot, not a studio cyclorama. Make a well-made portrait of this girl as Svarta Malin at about ten — innocent, not yet a pirate. Portrait orientation, aspect ratio 63:88 (playing card proportions), vertical composition.

Medium: sepia bistre ink wash drawing, warm brown monochrome, paper showing through. Half- or three-quarter-length. Place: on a granite rock by the water, Swedish skerries, waves at the foot of the stone. Pose: perched on a cliff-edge rock, water far below, not dangerous-looking. curious direct gaze, as if she has just been called by name. Costume (nautical, a bit tattered): navy sailor-collar smock over Breton stripes, cuffs frayed, one patch on the knee. Prop (must be visible): a closed brass telescope held in both hands like something precious. No studio, no weapons, no pirate captain costume, no adult glamour. Vintage Svarta Malin portrait — weathered, nostalgic, faintly melancholic. Warm earth and sea palette: ochre, umber, salt-grey, faded navy, cream, a touch of faded red or moss green if the medium allows. The chosen medium must read clearly and look well-made. NOT a photographer's studio, NOT CGI, NOT neon, NOT Disney, NOT a children's-book cartoon, NOT glossy digital, NOT hyperrealistic photography. No studio photograph, no photographer's backdrop, no painted kuliss curtain, no stool-and-cyclorama, no garden, no cottage, no school portrait, no pirate, no captain, no tricorn, no skull-and-crossbones, no Jolly Roger, no flintlock, no pistol, no cutlass, no sword, no dagger, no axe, no hook, no eyepatch, no parrot, no rum, no treasure chest of loot, no adult woman, no teenager, no aged-up face, no different person, no face swap, no generic model child, no altered bone structure, no adult makeup, no lipstick, no smoky kohl, no beauty spot, no hoop pirate earrings, no feather boa, no sexy pose, no glamour stare, no hammy villain expression, no power stance, no Pirates of the Caribbean, no Jack Sparrow, no Disney pirate, no modern clothing, no bright saturated colors, no clean digital look, no neon, no glossy CGI, no hyperrealistic skin, no cartoon, no text, no watermark, no playing card overlay.

================================================================================
2026-08-29T10:03:14.783Z
status: ok
source: IMG_5374.JPG
output: IMG_5374-v4.jpg
version: 4
backend: codex-subscription
keep_expression: false
summary: innocent expr · age ~10 · harbour · hand-coloured lithogra · leaning over the quay ed
duration_sec: 64.8

picks:
  location: harbour
  place: on a stone harbour wall / quay, ladders, iron rings, fishing boats at rest
  pose: leaning over the quay edge, curious, not commanding
  gaze: quiet wonder, a small genuine smile
  media: hand-coloured lithograph, 19th-century print, slightly off-register tints
  costume: faded indigo sailor dress, torn pocket mended with mismatched thread, bare feet
  props: a closed brass telescope held in both hands like something precious

prompt:
HIGHEST PRIORITY — FACIAL IDENTITY: This must be unmistakably the same girl as in the input photo, aged to about ten. Preserve bone structure, jawline, cheekbones, nose shape, eye shape and spacing, ears, hairline, hair colour, skin tone, and distinctive features (freckles, dimples, gap between front teeth if present). Do NOT invent a new face, do NOT beautify into a different child, do NOT swap ethnicity. If the source looks younger than ten, age her up modestly into a 10-year-old — longer face, slightly less baby-round cheeks, still clearly a child. If she already looks around ten, keep that age. NEVER age her into a teenager or adult. AGE — ABOUT TEN YEARS OLD: A real 10-year-old girl. Child proportions: larger head relative to body, soft cheeks, small nose, no adult makeup, no adult jaw, no developed figure. She has not yet become a pirate. Innocent, open, still a child. SVARTA MALIN AS A CHILD: This is Malin before the legend — about ten, a sailor's daughter. Innocent, curious, wind in her hair. She may be aboard or ashore on the Swedish coast. Not a captain, not dangerous, not posing in a photographer's studio. INNOCENCE — NON-NEGOTIABLE: She is a child. No weapons of any kind. No flintlock, cutlass, dagger, axe, pistol, sword, hook, eyepatch, Jolly Roger, skull-and-crossbones, pirate hat, tricorn, parrot-as-pirate-prop, treasure-chest loot, rum bottle, or boarding gear. No adult sexuality, no glamour makeup, no lipstick, no smoky kohl, no beauty spot, no hoop-earring pirate jewellery, no feather boa. Nautical child clothes only — striped sailor kit, not a pirate captain's coat. A telescope is a child's brass spyglass, never a weapon. COSTUME — NAUTICAL, TATTERED CHILD: She wears a child's sailor kit that has seen weather. Breton stripes or navy sailor collar, rope belt, too-big pea coat or salt-stained smock, patched knees, frayed cuffs, a tear mended with mismatched thread, hem coming down, scuffed bare feet or worn deck shoes. Clothes a bit tattered — lived-in, salt and wind, not costume-shop new, not gold-braid captain finery. Never a pirate coat with epaulettes, never a sash with weapons. SETTING — COASTAL CHILDHOOD, NEVER A STUDIO: She is outdoors in a real nautical place — ship, dock, rock, shore, harbour. Wind, salt air, open weather. Never a photographer's studio, never a painted backdrop curtain, never a stool in front of a cyclorama, never a garden, never a cottage porch. FACIAL EXPRESSION — INNOCENT CHILD: Soft, genuine, unguarded. A shy half-smile, a curious open look, a gap-toothed grin, quiet wonder, or a candid glance — never fierce, never commanding, never a villain smirk, never adult glamour. Same girl, child-honest. BODY & POSTURE: A child's pose — unguarded, small in the place. Shoulders relaxed, hands visible, no power stance, no hip cock, no chin-up captain address. PORTRAIT CRAFT — WELL MADE: A finished commissioned portrait in the stated medium. Confident composition, careful likeness, handmade and skilled — not clumsy, not a school-play poster, not a snapshot, not a studio cyclorama. Make a well-made portrait of this girl as Svarta Malin at about ten — innocent, not yet a pirate. Portrait orientation, aspect ratio 63:88 (playing card proportions), vertical composition.

Medium: hand-coloured lithograph, 19th-century print, slightly off-register tints. Half- or three-quarter-length. Place: on a stone harbour wall / quay, ladders, iron rings, fishing boats at rest. Pose: leaning over the quay edge, curious, not commanding. quiet wonder, a small genuine smile. Costume (nautical, a bit tattered): faded indigo sailor dress, torn pocket mended with mismatched thread, bare feet. Prop (must be visible): a closed brass telescope held in both hands like something precious. No studio, no weapons, no pirate captain costume, no adult glamour. Vintage Svarta Malin portrait — weathered, nostalgic, faintly melancholic. Warm earth and sea palette: ochre, umber, salt-grey, faded navy, cream, a touch of faded red or moss green if the medium allows. The chosen medium must read clearly and look well-made. NOT a photographer's studio, NOT CGI, NOT neon, NOT Disney, NOT a children's-book cartoon, NOT glossy digital, NOT hyperrealistic photography. No studio photograph, no photographer's backdrop, no painted kuliss curtain, no stool-and-cyclorama, no garden, no cottage, no school portrait, no pirate, no captain, no tricorn, no skull-and-crossbones, no Jolly Roger, no flintlock, no pistol, no cutlass, no sword, no dagger, no axe, no hook, no eyepatch, no parrot, no rum, no treasure chest of loot, no adult woman, no teenager, no aged-up face, no different person, no face swap, no generic model child, no altered bone structure, no adult makeup, no lipstick, no smoky kohl, no beauty spot, no hoop pirate earrings, no feather boa, no sexy pose, no glamour stare, no hammy villain expression, no power stance, no Pirates of the Caribbean, no Jack Sparrow, no Disney pirate, no modern clothing, no bright saturated colors, no clean digital look, no neon, no glossy CGI, no hyperrealistic skin, no cartoon, no text, no watermark, no playing card overlay.

================================================================================
2026-08-29T10:04:35.782Z
status: ok
source: IMG_5375.JPG
output: IMG_5375-v4.jpg
version: 4
backend: codex-subscription
keep_expression: false
summary: innocent expr · age ~10 · rowboat · oil sketch on canvas · perched on the thwart of
duration_sec: 81.0

picks:
  location: rowboat
  place: in or beside a small wooden rowboat pulled up on shore or tied at a dock
  pose: perched on the thwart of a tied dinghy at the dock
  gaze: candid glance, gap-toothed if the source has it, completely unguarded
  media: oil sketch on canvas, alla prima, visible brush, unfinished edges around a finished face
  costume: faded indigo sailor dress, torn pocket mended with mismatched thread, bare feet
  props: sitting against a coil of dock rope, one strand in her fingers

prompt:
HIGHEST PRIORITY — FACIAL IDENTITY: This must be unmistakably the same girl as in the input photo, aged to about ten. Preserve bone structure, jawline, cheekbones, nose shape, eye shape and spacing, ears, hairline, hair colour, skin tone, and distinctive features (freckles, dimples, gap between front teeth if present). Do NOT invent a new face, do NOT beautify into a different child, do NOT swap ethnicity. If the source looks younger than ten, age her up modestly into a 10-year-old — longer face, slightly less baby-round cheeks, still clearly a child. If she already looks around ten, keep that age. NEVER age her into a teenager or adult. AGE — ABOUT TEN YEARS OLD: A real 10-year-old girl. Child proportions: larger head relative to body, soft cheeks, small nose, no adult makeup, no adult jaw, no developed figure. She has not yet become a pirate. Innocent, open, still a child. SVARTA MALIN AS A CHILD: This is Malin before the legend — about ten, a sailor's daughter. Innocent, curious, wind in her hair. She may be aboard or ashore on the Swedish coast. Not a captain, not dangerous, not posing in a photographer's studio. INNOCENCE — NON-NEGOTIABLE: She is a child. No weapons of any kind. No flintlock, cutlass, dagger, axe, pistol, sword, hook, eyepatch, Jolly Roger, skull-and-crossbones, pirate hat, tricorn, parrot-as-pirate-prop, treasure-chest loot, rum bottle, or boarding gear. No adult sexuality, no glamour makeup, no lipstick, no smoky kohl, no beauty spot, no hoop-earring pirate jewellery, no feather boa. Nautical child clothes only — striped sailor kit, not a pirate captain's coat. A telescope is a child's brass spyglass, never a weapon. COSTUME — NAUTICAL, TATTERED CHILD: She wears a child's sailor kit that has seen weather. Breton stripes or navy sailor collar, rope belt, too-big pea coat or salt-stained smock, patched knees, frayed cuffs, a tear mended with mismatched thread, hem coming down, scuffed bare feet or worn deck shoes. Clothes a bit tattered — lived-in, salt and wind, not costume-shop new, not gold-braid captain finery. Never a pirate coat with epaulettes, never a sash with weapons. SETTING — COASTAL CHILDHOOD, NEVER A STUDIO: She is outdoors in a real nautical place — ship, dock, rock, shore, harbour. Wind, salt air, open weather. Never a photographer's studio, never a painted backdrop curtain, never a stool in front of a cyclorama, never a garden, never a cottage porch. FACIAL EXPRESSION — INNOCENT CHILD: Soft, genuine, unguarded. A shy half-smile, a curious open look, a gap-toothed grin, quiet wonder, or a candid glance — never fierce, never commanding, never a villain smirk, never adult glamour. Same girl, child-honest. BODY & POSTURE: A child's pose — unguarded, small in the place. Shoulders relaxed, hands visible, no power stance, no hip cock, no chin-up captain address. PORTRAIT CRAFT — WELL MADE: A finished commissioned portrait in the stated medium. Confident composition, careful likeness, handmade and skilled — not clumsy, not a school-play poster, not a snapshot, not a studio cyclorama. Make a well-made portrait of this girl as Svarta Malin at about ten — innocent, not yet a pirate. Portrait orientation, aspect ratio 63:88 (playing card proportions), vertical composition.

Medium: oil sketch on canvas, alla prima, visible brush, unfinished edges around a finished face. Half- or three-quarter-length. Place: in or beside a small wooden rowboat pulled up on shore or tied at a dock. Pose: perched on the thwart of a tied dinghy at the dock. candid glance, gap-toothed if the source has it, completely unguarded. Costume (nautical, a bit tattered): faded indigo sailor dress, torn pocket mended with mismatched thread, bare feet. Prop (must be visible): sitting against a coil of dock rope, one strand in her fingers. No studio, no weapons, no pirate captain costume, no adult glamour. Vintage Svarta Malin portrait — weathered, nostalgic, faintly melancholic. Warm earth and sea palette: ochre, umber, salt-grey, faded navy, cream, a touch of faded red or moss green if the medium allows. The chosen medium must read clearly and look well-made. NOT a photographer's studio, NOT CGI, NOT neon, NOT Disney, NOT a children's-book cartoon, NOT glossy digital, NOT hyperrealistic photography. No studio photograph, no photographer's backdrop, no painted kuliss curtain, no stool-and-cyclorama, no garden, no cottage, no school portrait, no pirate, no captain, no tricorn, no skull-and-crossbones, no Jolly Roger, no flintlock, no pistol, no cutlass, no sword, no dagger, no axe, no hook, no eyepatch, no parrot, no rum, no treasure chest of loot, no adult woman, no teenager, no aged-up face, no different person, no face swap, no generic model child, no altered bone structure, no adult makeup, no lipstick, no smoky kohl, no beauty spot, no hoop pirate earrings, no feather boa, no sexy pose, no glamour stare, no hammy villain expression, no power stance, no Pirates of the Caribbean, no Jack Sparrow, no Disney pirate, no modern clothing, no bright saturated colors, no clean digital look, no neon, no glossy CGI, no hyperrealistic skin, no cartoon, no text, no watermark, no playing card overlay.

================================================================================
2026-08-29T10:05:30.790Z
status: ok
source: IMG_5376.JPG
output: IMG_5376-v4.jpg
version: 4
backend: codex-subscription
keep_expression: false
summary: innocent expr · age ~10 · ship · vintage chromolithogra · three-quarter turn at th
duration_sec: 55.0

picks:
  location: ship
  place: on the deck of a wooden sailing ship — rail, mast, shrouds, canvas, sea beyond
  pose: three-quarter turn at the rail, looking back over her shoulder
  gaze: shy half-smile, eyes meeting the viewer then almost glancing away
  media: vintage chromolithograph, cabinet-card / cigarette-card print, limited bold palette slightly faded
  costume: child's navy reefer jacket missing a button, striped stockings with a hole
  props: a small unpainted wooden toy boat held in both hands

prompt:
HIGHEST PRIORITY — FACIAL IDENTITY: This must be unmistakably the same girl as in the input photo, aged to about ten. Preserve bone structure, jawline, cheekbones, nose shape, eye shape and spacing, ears, hairline, hair colour, skin tone, and distinctive features (freckles, dimples, gap between front teeth if present). Do NOT invent a new face, do NOT beautify into a different child, do NOT swap ethnicity. If the source looks younger than ten, age her up modestly into a 10-year-old — longer face, slightly less baby-round cheeks, still clearly a child. If she already looks around ten, keep that age. NEVER age her into a teenager or adult. AGE — ABOUT TEN YEARS OLD: A real 10-year-old girl. Child proportions: larger head relative to body, soft cheeks, small nose, no adult makeup, no adult jaw, no developed figure. She has not yet become a pirate. Innocent, open, still a child. SVARTA MALIN AS A CHILD: This is Malin before the legend — about ten, a sailor's daughter. Innocent, curious, wind in her hair. She may be aboard or ashore on the Swedish coast. Not a captain, not dangerous, not posing in a photographer's studio. INNOCENCE — NON-NEGOTIABLE: She is a child. No weapons of any kind. No flintlock, cutlass, dagger, axe, pistol, sword, hook, eyepatch, Jolly Roger, skull-and-crossbones, pirate hat, tricorn, parrot-as-pirate-prop, treasure-chest loot, rum bottle, or boarding gear. No adult sexuality, no glamour makeup, no lipstick, no smoky kohl, no beauty spot, no hoop-earring pirate jewellery, no feather boa. Nautical child clothes only — striped sailor kit, not a pirate captain's coat. A telescope is a child's brass spyglass, never a weapon. COSTUME — NAUTICAL, TATTERED CHILD: She wears a child's sailor kit that has seen weather. Breton stripes or navy sailor collar, rope belt, too-big pea coat or salt-stained smock, patched knees, frayed cuffs, a tear mended with mismatched thread, hem coming down, scuffed bare feet or worn deck shoes. Clothes a bit tattered — lived-in, salt and wind, not costume-shop new, not gold-braid captain finery. Never a pirate coat with epaulettes, never a sash with weapons. SETTING — COASTAL CHILDHOOD, NEVER A STUDIO: She is outdoors in a real nautical place — ship, dock, rock, shore, harbour. Wind, salt air, open weather. Never a photographer's studio, never a painted backdrop curtain, never a stool in front of a cyclorama, never a garden, never a cottage porch. FACIAL EXPRESSION — INNOCENT CHILD: Soft, genuine, unguarded. A shy half-smile, a curious open look, a gap-toothed grin, quiet wonder, or a candid glance — never fierce, never commanding, never a villain smirk, never adult glamour. Same girl, child-honest. BODY & POSTURE: A child's pose — unguarded, small in the place. Shoulders relaxed, hands visible, no power stance, no hip cock, no chin-up captain address. PORTRAIT CRAFT — WELL MADE: A finished commissioned portrait in the stated medium. Confident composition, careful likeness, handmade and skilled — not clumsy, not a school-play poster, not a snapshot, not a studio cyclorama. Make a well-made portrait of this girl as Svarta Malin at about ten — innocent, not yet a pirate. Portrait orientation, aspect ratio 63:88 (playing card proportions), vertical composition.

Medium: vintage chromolithograph, cabinet-card / cigarette-card print, limited bold palette slightly faded. Half- or three-quarter-length. Place: on the deck of a wooden sailing ship — rail, mast, shrouds, canvas, sea beyond. Pose: three-quarter turn at the rail, looking back over her shoulder. shy half-smile, eyes meeting the viewer then almost glancing away. Costume (nautical, a bit tattered): child's navy reefer jacket missing a button, striped stockings with a hole. Prop (must be visible): a small unpainted wooden toy boat held in both hands. No studio, no weapons, no pirate captain costume, no adult glamour. Vintage Svarta Malin portrait — weathered, nostalgic, faintly melancholic. Warm earth and sea palette: ochre, umber, salt-grey, faded navy, cream, a touch of faded red or moss green if the medium allows. The chosen medium must read clearly and look well-made. NOT a photographer's studio, NOT CGI, NOT neon, NOT Disney, NOT a children's-book cartoon, NOT glossy digital, NOT hyperrealistic photography. No studio photograph, no photographer's backdrop, no painted kuliss curtain, no stool-and-cyclorama, no garden, no cottage, no school portrait, no pirate, no captain, no tricorn, no skull-and-crossbones, no Jolly Roger, no flintlock, no pistol, no cutlass, no sword, no dagger, no axe, no hook, no eyepatch, no parrot, no rum, no treasure chest of loot, no adult woman, no teenager, no aged-up face, no different person, no face swap, no generic model child, no altered bone structure, no adult makeup, no lipstick, no smoky kohl, no beauty spot, no hoop pirate earrings, no feather boa, no sexy pose, no glamour stare, no hammy villain expression, no power stance, no Pirates of the Caribbean, no Jack Sparrow, no Disney pirate, no modern clothing, no bright saturated colors, no clean digital look, no neon, no glossy CGI, no hyperrealistic skin, no cartoon, no text, no watermark, no playing card overlay.

================================================================================
2026-08-29T10:06:41.182Z
status: ok
source: IMG_5372.JPG
output: IMG_5372-v5.jpg
version: 5
backend: codex-subscription
keep_expression: false
summary: innocent expr · age ~10 · shore · pencil underdrawing wi · standing barefoot at the
duration_sec: 70.4

picks:
  location: shore
  place: on a pebble beach / shoreline, seaweed and driftwood, a quiet bay
  pose: standing barefoot at the water's edge, small waves at her feet
  gaze: shy half-smile, eyes meeting the viewer then almost glancing away
  media: pencil underdrawing with watercolor, Sargent-like wet paper, careful child likeness
  costume: worn sailor kit: navy wool, cream stripe, a tear at the shoulder carefully darned
  props: thin marline / spare line she is fidgeting into a knot

prompt:
HIGHEST PRIORITY — FACIAL IDENTITY: This must be unmistakably the same girl as in the input photo, aged to about ten. Preserve bone structure, jawline, cheekbones, nose shape, eye shape and spacing, ears, hairline, hair colour, skin tone, and distinctive features (freckles, dimples, gap between front teeth if present). Do NOT invent a new face, do NOT beautify into a different child, do NOT swap ethnicity. If the source looks younger than ten, age her up modestly into a 10-year-old — longer face, slightly less baby-round cheeks, still clearly a child. If she already looks around ten, keep that age. NEVER age her into a teenager or adult. AGE — ABOUT TEN YEARS OLD: A real 10-year-old girl. Child proportions: larger head relative to body, soft cheeks, small nose, no adult makeup, no adult jaw, no developed figure. She has not yet become a pirate. Innocent, open, still a child. SVARTA MALIN AS A CHILD: This is Malin before the legend — about ten, a sailor's daughter. Innocent, curious, wind in her hair. She may be aboard or ashore on the Swedish coast. Not a captain, not dangerous, not posing in a photographer's studio. INNOCENCE — NON-NEGOTIABLE: She is a child. No weapons of any kind. No flintlock, cutlass, dagger, axe, pistol, sword, hook, eyepatch, Jolly Roger, skull-and-crossbones, pirate hat, tricorn, parrot-as-pirate-prop, treasure-chest loot, rum bottle, or boarding gear. No adult sexuality, no glamour makeup, no lipstick, no smoky kohl, no beauty spot, no hoop-earring pirate jewellery, no feather boa. Nautical child clothes only — striped sailor kit, not a pirate captain's coat. A telescope is a child's brass spyglass, never a weapon. COSTUME — NAUTICAL, TATTERED CHILD: She wears a child's sailor kit that has seen weather. Breton stripes or navy sailor collar, rope belt, too-big pea coat or salt-stained smock, patched knees, frayed cuffs, a tear mended with mismatched thread, hem coming down, scuffed bare feet or worn deck shoes. Clothes a bit tattered — lived-in, salt and wind, not costume-shop new, not gold-braid captain finery. Never a pirate coat with epaulettes, never a sash with weapons. SETTING — COASTAL CHILDHOOD, NEVER A STUDIO: She is outdoors in a real nautical place — ship, dock, rock, shore, harbour. Wind, salt air, open weather. Never a photographer's studio, never a painted backdrop curtain, never a stool in front of a cyclorama, never a garden, never a cottage porch. FACIAL EXPRESSION — INNOCENT CHILD: Soft, genuine, unguarded. A shy half-smile, a curious open look, a gap-toothed grin, quiet wonder, or a candid glance — never fierce, never commanding, never a villain smirk, never adult glamour. Same girl, child-honest. BODY & POSTURE: A child's pose — unguarded, small in the place. Shoulders relaxed, hands visible, no power stance, no hip cock, no chin-up captain address. PORTRAIT CRAFT — WELL MADE: A finished commissioned portrait in the stated medium. Confident composition, careful likeness, handmade and skilled — not clumsy, not a school-play poster, not a snapshot, not a studio cyclorama. Make a well-made portrait of this girl as Svarta Malin at about ten — innocent, not yet a pirate. Portrait orientation, aspect ratio 63:88 (playing card proportions), vertical composition.

Medium: pencil underdrawing with watercolor, Sargent-like wet paper, careful child likeness. Half- or three-quarter-length. Place: on a pebble beach / shoreline, seaweed and driftwood, a quiet bay. Pose: standing barefoot at the water's edge, small waves at her feet. shy half-smile, eyes meeting the viewer then almost glancing away. Costume (nautical, a bit tattered): worn sailor kit: navy wool, cream stripe, a tear at the shoulder carefully darned. Prop (must be visible): thin marline / spare line she is fidgeting into a knot. No studio, no weapons, no pirate captain costume, no adult glamour. Vintage Svarta Malin portrait — weathered, nostalgic, faintly melancholic. Warm earth and sea palette: ochre, umber, salt-grey, faded navy, cream, a touch of faded red or moss green if the medium allows. The chosen medium must read clearly and look well-made. NOT a photographer's studio, NOT CGI, NOT neon, NOT Disney, NOT a children's-book cartoon, NOT glossy digital, NOT hyperrealistic photography. No studio photograph, no photographer's backdrop, no painted kuliss curtain, no stool-and-cyclorama, no garden, no cottage, no school portrait, no pirate, no captain, no tricorn, no skull-and-crossbones, no Jolly Roger, no flintlock, no pistol, no cutlass, no sword, no dagger, no axe, no hook, no eyepatch, no parrot, no rum, no treasure chest of loot, no adult woman, no teenager, no aged-up face, no different person, no face swap, no generic model child, no altered bone structure, no adult makeup, no lipstick, no smoky kohl, no beauty spot, no hoop pirate earrings, no feather boa, no sexy pose, no glamour stare, no hammy villain expression, no power stance, no Pirates of the Caribbean, no Jack Sparrow, no Disney pirate, no modern clothing, no bright saturated colors, no clean digital look, no neon, no glossy CGI, no hyperrealistic skin, no cartoon, no text, no watermark, no playing card overlay.

================================================================================
2026-08-29T10:07:15.362Z
status: ok
source: IMG_5373.JPG
output: IMG_5373-v5.jpg
version: 5
backend: codex-subscription
keep_expression: false
summary: innocent expr · age ~10 · shore · oil sketch on canvas · standing barefoot at the
duration_sec: 34.2

picks:
  location: shore
  place: on a pebble beach / shoreline, seaweed and driftwood, a quiet bay
  pose: standing barefoot at the water's edge, small waves at her feet
  gaze: quiet wonder, a small genuine smile
  media: oil sketch on canvas, alla prima, visible brush, unfinished edges around a finished face
  costume: faded indigo sailor dress, torn pocket mended with mismatched thread, bare feet
  props: a short brass telescope pointed at a distant island, seated

prompt:
HIGHEST PRIORITY — FACIAL IDENTITY: This must be unmistakably the same girl as in the input photo, aged to about ten. Preserve bone structure, jawline, cheekbones, nose shape, eye shape and spacing, ears, hairline, hair colour, skin tone, and distinctive features (freckles, dimples, gap between front teeth if present). Do NOT invent a new face, do NOT beautify into a different child, do NOT swap ethnicity. If the source looks younger than ten, age her up modestly into a 10-year-old — longer face, slightly less baby-round cheeks, still clearly a child. If she already looks around ten, keep that age. NEVER age her into a teenager or adult. AGE — ABOUT TEN YEARS OLD: A real 10-year-old girl. Child proportions: larger head relative to body, soft cheeks, small nose, no adult makeup, no adult jaw, no developed figure. She has not yet become a pirate. Innocent, open, still a child. SVARTA MALIN AS A CHILD: This is Malin before the legend — about ten, a sailor's daughter. Innocent, curious, wind in her hair. She may be aboard or ashore on the Swedish coast. Not a captain, not dangerous, not posing in a photographer's studio. INNOCENCE — NON-NEGOTIABLE: She is a child. No weapons of any kind. No flintlock, cutlass, dagger, axe, pistol, sword, hook, eyepatch, Jolly Roger, skull-and-crossbones, pirate hat, tricorn, parrot-as-pirate-prop, treasure-chest loot, rum bottle, or boarding gear. No adult sexuality, no glamour makeup, no lipstick, no smoky kohl, no beauty spot, no hoop-earring pirate jewellery, no feather boa. Nautical child clothes only — striped sailor kit, not a pirate captain's coat. A telescope is a child's brass spyglass, never a weapon. COSTUME — NAUTICAL, TATTERED CHILD: She wears a child's sailor kit that has seen weather. Breton stripes or navy sailor collar, rope belt, too-big pea coat or salt-stained smock, patched knees, frayed cuffs, a tear mended with mismatched thread, hem coming down, scuffed bare feet or worn deck shoes. Clothes a bit tattered — lived-in, salt and wind, not costume-shop new, not gold-braid captain finery. Never a pirate coat with epaulettes, never a sash with weapons. SETTING — COASTAL CHILDHOOD, NEVER A STUDIO: She is outdoors in a real nautical place — ship, dock, rock, shore, harbour. Wind, salt air, open weather. Never a photographer's studio, never a painted backdrop curtain, never a stool in front of a cyclorama, never a garden, never a cottage porch. FACIAL EXPRESSION — INNOCENT CHILD: Soft, genuine, unguarded. A shy half-smile, a curious open look, a gap-toothed grin, quiet wonder, or a candid glance — never fierce, never commanding, never a villain smirk, never adult glamour. Same girl, child-honest. BODY & POSTURE: A child's pose — unguarded, small in the place. Shoulders relaxed, hands visible, no power stance, no hip cock, no chin-up captain address. PORTRAIT CRAFT — WELL MADE: A finished commissioned portrait in the stated medium. Confident composition, careful likeness, handmade and skilled — not clumsy, not a school-play poster, not a snapshot, not a studio cyclorama. Make a well-made portrait of this girl as Svarta Malin at about ten — innocent, not yet a pirate. Portrait orientation, aspect ratio 63:88 (playing card proportions), vertical composition.

Medium: oil sketch on canvas, alla prima, visible brush, unfinished edges around a finished face. Half- or three-quarter-length. Place: on a pebble beach / shoreline, seaweed and driftwood, a quiet bay. Pose: standing barefoot at the water's edge, small waves at her feet. quiet wonder, a small genuine smile. Costume (nautical, a bit tattered): faded indigo sailor dress, torn pocket mended with mismatched thread, bare feet. Prop (must be visible): a short brass telescope pointed at a distant island, seated. No studio, no weapons, no pirate captain costume, no adult glamour. Vintage Svarta Malin portrait — weathered, nostalgic, faintly melancholic. Warm earth and sea palette: ochre, umber, salt-grey, faded navy, cream, a touch of faded red or moss green if the medium allows. The chosen medium must read clearly and look well-made. NOT a photographer's studio, NOT CGI, NOT neon, NOT Disney, NOT a children's-book cartoon, NOT glossy digital, NOT hyperrealistic photography. No studio photograph, no photographer's backdrop, no painted kuliss curtain, no stool-and-cyclorama, no garden, no cottage, no school portrait, no pirate, no captain, no tricorn, no skull-and-crossbones, no Jolly Roger, no flintlock, no pistol, no cutlass, no sword, no dagger, no axe, no hook, no eyepatch, no parrot, no rum, no treasure chest of loot, no adult woman, no teenager, no aged-up face, no different person, no face swap, no generic model child, no altered bone structure, no adult makeup, no lipstick, no smoky kohl, no beauty spot, no hoop pirate earrings, no feather boa, no sexy pose, no glamour stare, no hammy villain expression, no power stance, no Pirates of the Caribbean, no Jack Sparrow, no Disney pirate, no modern clothing, no bright saturated colors, no clean digital look, no neon, no glossy CGI, no hyperrealistic skin, no cartoon, no text, no watermark, no playing card overlay.

================================================================================
2026-08-29T10:07:59.937Z
status: ok
source: IMG_5374.JPG
output: IMG_5374-v5.jpg
version: 5
backend: codex-subscription
keep_expression: false
summary: innocent expr · age ~10 · ship · hand-coloured lithogra · standing at the ship's r
duration_sec: 44.6

picks:
  location: ship
  place: on the deck of a wooden sailing ship — rail, mast, shrouds, canvas, sea beyond
  pose: standing at the ship's rail, small hands on the wood, sea behind her
  gaze: shy half-smile, eyes meeting the viewer then almost glancing away
  media: hand-coloured lithograph, 19th-century print, slightly off-register tints
  costume: wide-striped Breton jumper gone thin at the elbows, patched skirt, scuffed deck shoes
  props: a short brass telescope pointed at a distant island, seated

prompt:
HIGHEST PRIORITY — FACIAL IDENTITY: This must be unmistakably the same girl as in the input photo, aged to about ten. Preserve bone structure, jawline, cheekbones, nose shape, eye shape and spacing, ears, hairline, hair colour, skin tone, and distinctive features (freckles, dimples, gap between front teeth if present). Do NOT invent a new face, do NOT beautify into a different child, do NOT swap ethnicity. If the source looks younger than ten, age her up modestly into a 10-year-old — longer face, slightly less baby-round cheeks, still clearly a child. If she already looks around ten, keep that age. NEVER age her into a teenager or adult. AGE — ABOUT TEN YEARS OLD: A real 10-year-old girl. Child proportions: larger head relative to body, soft cheeks, small nose, no adult makeup, no adult jaw, no developed figure. She has not yet become a pirate. Innocent, open, still a child. SVARTA MALIN AS A CHILD: This is Malin before the legend — about ten, a sailor's daughter. Innocent, curious, wind in her hair. She may be aboard or ashore on the Swedish coast. Not a captain, not dangerous, not posing in a photographer's studio. INNOCENCE — NON-NEGOTIABLE: She is a child. No weapons of any kind. No flintlock, cutlass, dagger, axe, pistol, sword, hook, eyepatch, Jolly Roger, skull-and-crossbones, pirate hat, tricorn, parrot-as-pirate-prop, treasure-chest loot, rum bottle, or boarding gear. No adult sexuality, no glamour makeup, no lipstick, no smoky kohl, no beauty spot, no hoop-earring pirate jewellery, no feather boa. Nautical child clothes only — striped sailor kit, not a pirate captain's coat. A telescope is a child's brass spyglass, never a weapon. COSTUME — NAUTICAL, TATTERED CHILD: She wears a child's sailor kit that has seen weather. Breton stripes or navy sailor collar, rope belt, too-big pea coat or salt-stained smock, patched knees, frayed cuffs, a tear mended with mismatched thread, hem coming down, scuffed bare feet or worn deck shoes. Clothes a bit tattered — lived-in, salt and wind, not costume-shop new, not gold-braid captain finery. Never a pirate coat with epaulettes, never a sash with weapons. SETTING — COASTAL CHILDHOOD, NEVER A STUDIO: She is outdoors in a real nautical place — ship, dock, rock, shore, harbour. Wind, salt air, open weather. Never a photographer's studio, never a painted backdrop curtain, never a stool in front of a cyclorama, never a garden, never a cottage porch. FACIAL EXPRESSION — INNOCENT CHILD: Soft, genuine, unguarded. A shy half-smile, a curious open look, a gap-toothed grin, quiet wonder, or a candid glance — never fierce, never commanding, never a villain smirk, never adult glamour. Same girl, child-honest. BODY & POSTURE: A child's pose — unguarded, small in the place. Shoulders relaxed, hands visible, no power stance, no hip cock, no chin-up captain address. PORTRAIT CRAFT — WELL MADE: A finished commissioned portrait in the stated medium. Confident composition, careful likeness, handmade and skilled — not clumsy, not a school-play poster, not a snapshot, not a studio cyclorama. Make a well-made portrait of this girl as Svarta Malin at about ten — innocent, not yet a pirate. Portrait orientation, aspect ratio 63:88 (playing card proportions), vertical composition.

Medium: hand-coloured lithograph, 19th-century print, slightly off-register tints. Half- or three-quarter-length. Place: on the deck of a wooden sailing ship — rail, mast, shrouds, canvas, sea beyond. Pose: standing at the ship's rail, small hands on the wood, sea behind her. shy half-smile, eyes meeting the viewer then almost glancing away. Costume (nautical, a bit tattered): wide-striped Breton jumper gone thin at the elbows, patched skirt, scuffed deck shoes. Prop (must be visible): a short brass telescope pointed at a distant island, seated. No studio, no weapons, no pirate captain costume, no adult glamour. Vintage Svarta Malin portrait — weathered, nostalgic, faintly melancholic. Warm earth and sea palette: ochre, umber, salt-grey, faded navy, cream, a touch of faded red or moss green if the medium allows. The chosen medium must read clearly and look well-made. NOT a photographer's studio, NOT CGI, NOT neon, NOT Disney, NOT a children's-book cartoon, NOT glossy digital, NOT hyperrealistic photography. No studio photograph, no photographer's backdrop, no painted kuliss curtain, no stool-and-cyclorama, no garden, no cottage, no school portrait, no pirate, no captain, no tricorn, no skull-and-crossbones, no Jolly Roger, no flintlock, no pistol, no cutlass, no sword, no dagger, no axe, no hook, no eyepatch, no parrot, no rum, no treasure chest of loot, no adult woman, no teenager, no aged-up face, no different person, no face swap, no generic model child, no altered bone structure, no adult makeup, no lipstick, no smoky kohl, no beauty spot, no hoop pirate earrings, no feather boa, no sexy pose, no glamour stare, no hammy villain expression, no power stance, no Pirates of the Caribbean, no Jack Sparrow, no Disney pirate, no modern clothing, no bright saturated colors, no clean digital look, no neon, no glossy CGI, no hyperrealistic skin, no cartoon, no text, no watermark, no playing card overlay.

================================================================================
2026-08-29T10:08:59.441Z
status: ok
source: IMG_5375.JPG
output: IMG_5375-v5.jpg
version: 5
backend: codex-subscription
keep_expression: false
summary: innocent expr · age ~10 · rowboat · sepia bistre ink wash  · standing in the shallows
duration_sec: 59.5

picks:
  location: rowboat
  place: in or beside a small wooden rowboat pulled up on shore or tied at a dock
  pose: standing in the shallows beside the rowboat, one hand on the gunwale
  gaze: quiet wonder, a small genuine smile
  media: sepia bistre ink wash drawing, warm brown monochrome, paper showing through
  costume: oversized striped shirt as a dress, knotted at the side, tattered hem, tar stain on the sleeve
  props: a small brass spyglass held to one eye — a child's telescope, not a captain's

prompt:
HIGHEST PRIORITY — FACIAL IDENTITY: This must be unmistakably the same girl as in the input photo, aged to about ten. Preserve bone structure, jawline, cheekbones, nose shape, eye shape and spacing, ears, hairline, hair colour, skin tone, and distinctive features (freckles, dimples, gap between front teeth if present). Do NOT invent a new face, do NOT beautify into a different child, do NOT swap ethnicity. If the source looks younger than ten, age her up modestly into a 10-year-old — longer face, slightly less baby-round cheeks, still clearly a child. If she already looks around ten, keep that age. NEVER age her into a teenager or adult. AGE — ABOUT TEN YEARS OLD: A real 10-year-old girl. Child proportions: larger head relative to body, soft cheeks, small nose, no adult makeup, no adult jaw, no developed figure. She has not yet become a pirate. Innocent, open, still a child. SVARTA MALIN AS A CHILD: This is Malin before the legend — about ten, a sailor's daughter. Innocent, curious, wind in her hair. She may be aboard or ashore on the Swedish coast. Not a captain, not dangerous, not posing in a photographer's studio. INNOCENCE — NON-NEGOTIABLE: She is a child. No weapons of any kind. No flintlock, cutlass, dagger, axe, pistol, sword, hook, eyepatch, Jolly Roger, skull-and-crossbones, pirate hat, tricorn, parrot-as-pirate-prop, treasure-chest loot, rum bottle, or boarding gear. No adult sexuality, no glamour makeup, no lipstick, no smoky kohl, no beauty spot, no hoop-earring pirate jewellery, no feather boa. Nautical child clothes only — striped sailor kit, not a pirate captain's coat. A telescope is a child's brass spyglass, never a weapon. COSTUME — NAUTICAL, TATTERED CHILD: She wears a child's sailor kit that has seen weather. Breton stripes or navy sailor collar, rope belt, too-big pea coat or salt-stained smock, patched knees, frayed cuffs, a tear mended with mismatched thread, hem coming down, scuffed bare feet or worn deck shoes. Clothes a bit tattered — lived-in, salt and wind, not costume-shop new, not gold-braid captain finery. Never a pirate coat with epaulettes, never a sash with weapons. SETTING — COASTAL CHILDHOOD, NEVER A STUDIO: She is outdoors in a real nautical place — ship, dock, rock, shore, harbour. Wind, salt air, open weather. Never a photographer's studio, never a painted backdrop curtain, never a stool in front of a cyclorama, never a garden, never a cottage porch. FACIAL EXPRESSION — INNOCENT CHILD: Soft, genuine, unguarded. A shy half-smile, a curious open look, a gap-toothed grin, quiet wonder, or a candid glance — never fierce, never commanding, never a villain smirk, never adult glamour. Same girl, child-honest. BODY & POSTURE: A child's pose — unguarded, small in the place. Shoulders relaxed, hands visible, no power stance, no hip cock, no chin-up captain address. PORTRAIT CRAFT — WELL MADE: A finished commissioned portrait in the stated medium. Confident composition, careful likeness, handmade and skilled — not clumsy, not a school-play poster, not a snapshot, not a studio cyclorama. Make a well-made portrait of this girl as Svarta Malin at about ten — innocent, not yet a pirate. Portrait orientation, aspect ratio 63:88 (playing card proportions), vertical composition.

Medium: sepia bistre ink wash drawing, warm brown monochrome, paper showing through. Half- or three-quarter-length. Place: in or beside a small wooden rowboat pulled up on shore or tied at a dock. Pose: standing in the shallows beside the rowboat, one hand on the gunwale. quiet wonder, a small genuine smile. Costume (nautical, a bit tattered): oversized striped shirt as a dress, knotted at the side, tattered hem, tar stain on the sleeve. Prop (must be visible): a small brass spyglass held to one eye — a child's telescope, not a captain's. No studio, no weapons, no pirate captain costume, no adult glamour. Vintage Svarta Malin portrait — weathered, nostalgic, faintly melancholic. Warm earth and sea palette: ochre, umber, salt-grey, faded navy, cream, a touch of faded red or moss green if the medium allows. The chosen medium must read clearly and look well-made. NOT a photographer's studio, NOT CGI, NOT neon, NOT Disney, NOT a children's-book cartoon, NOT glossy digital, NOT hyperrealistic photography. No studio photograph, no photographer's backdrop, no painted kuliss curtain, no stool-and-cyclorama, no garden, no cottage, no school portrait, no pirate, no captain, no tricorn, no skull-and-crossbones, no Jolly Roger, no flintlock, no pistol, no cutlass, no sword, no dagger, no axe, no hook, no eyepatch, no parrot, no rum, no treasure chest of loot, no adult woman, no teenager, no aged-up face, no different person, no face swap, no generic model child, no altered bone structure, no adult makeup, no lipstick, no smoky kohl, no beauty spot, no hoop pirate earrings, no feather boa, no sexy pose, no glamour stare, no hammy villain expression, no power stance, no Pirates of the Caribbean, no Jack Sparrow, no Disney pirate, no modern clothing, no bright saturated colors, no clean digital look, no neon, no glossy CGI, no hyperrealistic skin, no cartoon, no text, no watermark, no playing card overlay.

================================================================================
2026-08-29T10:10:01.657Z
status: ok
source: IMG_5376.JPG
output: IMG_5376-v5.jpg
version: 5
backend: codex-subscription
keep_expression: false
summary: innocent expr · age ~10 · rock · gouache on cream board · perched on a cliff-edge 
duration_sec: 62.2

picks:
  location: rock
  place: on a granite rock by the water, Swedish skerries, waves at the foot of the stone
  pose: perched on a cliff-edge rock, water far below, not dangerous-looking
  gaze: candid glance, gap-toothed if the source has it, completely unguarded
  media: gouache on cream board, opaque pigment, painterly but careful likeness
  costume: salt-bleached sailor collar and rope-tied waist, clothes wind-worn not costume-new
  props: a spyglass tucked under her arm, looking toward the horizon without using it

prompt:
HIGHEST PRIORITY — FACIAL IDENTITY: This must be unmistakably the same girl as in the input photo, aged to about ten. Preserve bone structure, jawline, cheekbones, nose shape, eye shape and spacing, ears, hairline, hair colour, skin tone, and distinctive features (freckles, dimples, gap between front teeth if present). Do NOT invent a new face, do NOT beautify into a different child, do NOT swap ethnicity. If the source looks younger than ten, age her up modestly into a 10-year-old — longer face, slightly less baby-round cheeks, still clearly a child. If she already looks around ten, keep that age. NEVER age her into a teenager or adult. AGE — ABOUT TEN YEARS OLD: A real 10-year-old girl. Child proportions: larger head relative to body, soft cheeks, small nose, no adult makeup, no adult jaw, no developed figure. She has not yet become a pirate. Innocent, open, still a child. SVARTA MALIN AS A CHILD: This is Malin before the legend — about ten, a sailor's daughter. Innocent, curious, wind in her hair. She may be aboard or ashore on the Swedish coast. Not a captain, not dangerous, not posing in a photographer's studio. INNOCENCE — NON-NEGOTIABLE: She is a child. No weapons of any kind. No flintlock, cutlass, dagger, axe, pistol, sword, hook, eyepatch, Jolly Roger, skull-and-crossbones, pirate hat, tricorn, parrot-as-pirate-prop, treasure-chest loot, rum bottle, or boarding gear. No adult sexuality, no glamour makeup, no lipstick, no smoky kohl, no beauty spot, no hoop-earring pirate jewellery, no feather boa. Nautical child clothes only — striped sailor kit, not a pirate captain's coat. A telescope is a child's brass spyglass, never a weapon. COSTUME — NAUTICAL, TATTERED CHILD: She wears a child's sailor kit that has seen weather. Breton stripes or navy sailor collar, rope belt, too-big pea coat or salt-stained smock, patched knees, frayed cuffs, a tear mended with mismatched thread, hem coming down, scuffed bare feet or worn deck shoes. Clothes a bit tattered — lived-in, salt and wind, not costume-shop new, not gold-braid captain finery. Never a pirate coat with epaulettes, never a sash with weapons. SETTING — COASTAL CHILDHOOD, NEVER A STUDIO: She is outdoors in a real nautical place — ship, dock, rock, shore, harbour. Wind, salt air, open weather. Never a photographer's studio, never a painted backdrop curtain, never a stool in front of a cyclorama, never a garden, never a cottage porch. FACIAL EXPRESSION — INNOCENT CHILD: Soft, genuine, unguarded. A shy half-smile, a curious open look, a gap-toothed grin, quiet wonder, or a candid glance — never fierce, never commanding, never a villain smirk, never adult glamour. Same girl, child-honest. BODY & POSTURE: A child's pose — unguarded, small in the place. Shoulders relaxed, hands visible, no power stance, no hip cock, no chin-up captain address. PORTRAIT CRAFT — WELL MADE: A finished commissioned portrait in the stated medium. Confident composition, careful likeness, handmade and skilled — not clumsy, not a school-play poster, not a snapshot, not a studio cyclorama. Make a well-made portrait of this girl as Svarta Malin at about ten — innocent, not yet a pirate. Portrait orientation, aspect ratio 63:88 (playing card proportions), vertical composition.

Medium: gouache on cream board, opaque pigment, painterly but careful likeness. Half- or three-quarter-length. Place: on a granite rock by the water, Swedish skerries, waves at the foot of the stone. Pose: perched on a cliff-edge rock, water far below, not dangerous-looking. candid glance, gap-toothed if the source has it, completely unguarded. Costume (nautical, a bit tattered): salt-bleached sailor collar and rope-tied waist, clothes wind-worn not costume-new. Prop (must be visible): a spyglass tucked under her arm, looking toward the horizon without using it. No studio, no weapons, no pirate captain costume, no adult glamour. Vintage Svarta Malin portrait — weathered, nostalgic, faintly melancholic. Warm earth and sea palette: ochre, umber, salt-grey, faded navy, cream, a touch of faded red or moss green if the medium allows. The chosen medium must read clearly and look well-made. NOT a photographer's studio, NOT CGI, NOT neon, NOT Disney, NOT a children's-book cartoon, NOT glossy digital, NOT hyperrealistic photography. No studio photograph, no photographer's backdrop, no painted kuliss curtain, no stool-and-cyclorama, no garden, no cottage, no school portrait, no pirate, no captain, no tricorn, no skull-and-crossbones, no Jolly Roger, no flintlock, no pistol, no cutlass, no sword, no dagger, no axe, no hook, no eyepatch, no parrot, no rum, no treasure chest of loot, no adult woman, no teenager, no aged-up face, no different person, no face swap, no generic model child, no altered bone structure, no adult makeup, no lipstick, no smoky kohl, no beauty spot, no hoop pirate earrings, no feather boa, no sexy pose, no glamour stare, no hammy villain expression, no power stance, no Pirates of the Caribbean, no Jack Sparrow, no Disney pirate, no modern clothing, no bright saturated colors, no clean digital look, no neon, no glossy CGI, no hyperrealistic skin, no cartoon, no text, no watermark, no playing card overlay.

================================================================================
2026-08-29T10:19:03.190Z
status: ok
source: IMG_5372.JPG
output: IMG_5372-v6.jpg
version: 6
backend: codex-subscription
keep_expression: false
summary: innocent expr · age ~10 · slipway · vintage chromolith · walking down the wet s
duration_sec: 62.3

picks:
  location: slipway
  place: on a wooden boat slipway / båtslipp, wet boards, keel-blocks, a hull nearby
  pose: walking down the wet slipway toward the water
  gaze: profile, looking out to sea, we see the side of her face
  media: vintage chromolithograph, cabinet-card / cigarette-card print, limited bold palette slightly faded
  costume: worn sailor kit: navy wool, cream stripe, a tear at the shoulder carefully darned
  props: a folded paper boat she has just made
  weather: just after rain, wet wood and stone shining
  light: late afternoon raking light across planks or granite
  framing: cropped at the knees, wind filling the rest of the frame
  hair: same colour and hairline as the source; loose and windblown
  palette: faded rust, moss green, driftwood grey

prompt:
HIGHEST PRIORITY — FACIAL IDENTITY: This must be unmistakably the same girl as in the input photo, aged to about ten. Preserve bone structure, jawline, cheekbones, nose shape, eye shape and spacing, ears, hairline, hair colour, skin tone, and distinctive features (freckles, dimples, gap between front teeth if present). Do NOT invent a new face, do NOT beautify into a different child, do NOT swap ethnicity. If the source looks younger than ten, age her up modestly into a 10-year-old — longer face, slightly less baby-round cheeks, still clearly a child. If she already looks around ten, keep that age. NEVER age her into a teenager or adult. AGE — ABOUT TEN YEARS OLD: A real 10-year-old girl. Child proportions: larger head relative to body, soft cheeks, small nose, no adult makeup, no adult jaw, no developed figure. She has not yet become a pirate. Innocent, open, still a child. SVARTA MALIN AS A CHILD: This is Malin before the legend — about ten, a sailor's daughter. Innocent, curious, wind in her hair. She may be aboard or ashore on the Swedish coast. Not a captain, not dangerous, not posing in a photographer's studio. INNOCENCE — NON-NEGOTIABLE: She is a child. No weapons of any kind. No flintlock, cutlass, dagger, axe, pistol, sword, hook, eyepatch, Jolly Roger, skull-and-crossbones, pirate hat, tricorn, parrot-as-pirate-prop, treasure-chest loot, rum bottle, or boarding gear. No adult sexuality, no glamour makeup, no lipstick, no smoky kohl, no beauty spot, no hoop-earring pirate jewellery, no feather boa. Nautical child clothes only — striped sailor kit, not a pirate captain's coat. A telescope is a child's brass spyglass, never a weapon. COSTUME — NAUTICAL, TATTERED CHILD: Wear the specific outfit named below. Lived-in, salt and wind, a bit tattered — not costume-shop new, not gold-braid captain finery. Never a pirate coat with epaulettes, never a sash with weapons, never a tricorn. SETTING — COASTAL CHILDHOOD, NEVER A STUDIO: Follow the named place, weather, and light. Outdoors, nautical, Swedish coast. Never a photographer's studio, never a painted backdrop curtain, never a stool in front of a cyclorama, never a garden, never a cottage porch. FACIAL EXPRESSION — INNOCENT CHILD: Soft, genuine, unguarded. A shy half-smile, a curious open look, a gap-toothed grin, quiet wonder, or a candid glance — never fierce, never commanding, never a villain smirk, never adult glamour. Same girl, child-honest. BODY & POSTURE: Follow the named pose. A child's body — unguarded, no power stance, no hip cock, no chin-up captain address. PORTRAIT CRAFT — WELL MADE: A finished commissioned portrait in the stated medium. Confident composition, careful likeness, handmade and skilled — not clumsy, not a school-play poster, not a snapshot, not a studio cyclorama. Make a well-made portrait of this girl as Svarta Malin at about ten — innocent, not yet a pirate. Portrait orientation, aspect ratio 63:88 (playing card proportions), vertical composition.

Medium: vintage chromolithograph, cabinet-card / cigarette-card print, limited bold palette slightly faded. Palette: faded rust, moss green, driftwood grey. Framing: cropped at the knees, wind filling the rest of the frame. Place: on a wooden boat slipway / båtslipp, wet boards, keel-blocks, a hull nearby. Weather: just after rain, wet wood and stone shining. Light: late afternoon raking light across planks or granite. Pose: walking down the wet slipway toward the water. profile, looking out to sea, we see the side of her face. Hair: same colour and hairline as the source; loose and windblown. Costume (nautical, a bit tattered): worn sailor kit: navy wool, cream stripe, a tear at the shoulder carefully darned. Prop (must be visible): a folded paper boat she has just made. No studio, no weapons, no pirate captain costume, no adult glamour. Vintage Svarta Malin portrait — weathered, nostalgic, faintly melancholic. Use the named palette. The chosen medium must read clearly and look well-made. NOT a photographer's studio, NOT CGI, NOT neon, NOT Disney, NOT a children's-book cartoon, NOT glossy digital, NOT hyperrealistic photography. No studio photograph, no photographer's backdrop, no painted kuliss curtain, no stool-and-cyclorama, no garden, no cottage, no school portrait, no pirate, no captain, no tricorn, no skull-and-crossbones, no Jolly Roger, no flintlock, no pistol, no cutlass, no sword, no dagger, no axe, no hook, no eyepatch, no parrot, no rum, no treasure chest of loot, no adult woman, no teenager, no aged-up face, no different person, no face swap, no generic model child, no altered bone structure, no adult makeup, no lipstick, no smoky kohl, no beauty spot, no hoop pirate earrings, no feather boa, no sexy pose, no glamour stare, no hammy villain expression, no power stance, no Pirates of the Caribbean, no Jack Sparrow, no Disney pirate, no modern clothing, no bright saturated colors, no clean digital look, no neon, no glossy CGI, no hyperrealistic skin, no cartoon, no text, no watermark, no playing card overlay.

================================================================================
2026-08-29T10:19:37.533Z
status: ok
source: IMG_5373.JPG
output: IMG_5373-v6.jpg
version: 6
backend: codex-subscription
keep_expression: false
summary: innocent expr · age ~10 · lighthouse · gouache on cream b · standing small against
duration_sec: 34.3

picks:
  location: lighthouse
  place: at the foot of a whitewashed lighthouse on granite, door ajar, sea and sky huge
  pose: standing small against the lighthouse wall, looking toward the viewer
  gaze: curious direct gaze, as if she has just been called by name
  media: gouache on cream board, opaque pigment, painterly but careful likeness
  costume: sou'wester rain hat (not a tricorn) and a dripping oilskin, hair stuck to her cheeks
  props: a small unpainted wooden toy boat held in both hands
  weather: bright overcast Baltic light, no hard shadows
  light: diffused cloud-light, even and kind
  framing: almost profile, the place opening behind her ear
  hair: same colour and hairline as the source; loose and windblown
  palette: near-monochrome sepia with one note of faded red

prompt:
HIGHEST PRIORITY — FACIAL IDENTITY: This must be unmistakably the same girl as in the input photo, aged to about ten. Preserve bone structure, jawline, cheekbones, nose shape, eye shape and spacing, ears, hairline, hair colour, skin tone, and distinctive features (freckles, dimples, gap between front teeth if present). Do NOT invent a new face, do NOT beautify into a different child, do NOT swap ethnicity. If the source looks younger than ten, age her up modestly into a 10-year-old — longer face, slightly less baby-round cheeks, still clearly a child. If she already looks around ten, keep that age. NEVER age her into a teenager or adult. AGE — ABOUT TEN YEARS OLD: A real 10-year-old girl. Child proportions: larger head relative to body, soft cheeks, small nose, no adult makeup, no adult jaw, no developed figure. She has not yet become a pirate. Innocent, open, still a child. SVARTA MALIN AS A CHILD: This is Malin before the legend — about ten, a sailor's daughter. Innocent, curious, wind in her hair. She may be aboard or ashore on the Swedish coast. Not a captain, not dangerous, not posing in a photographer's studio. INNOCENCE — NON-NEGOTIABLE: She is a child. No weapons of any kind. No flintlock, cutlass, dagger, axe, pistol, sword, hook, eyepatch, Jolly Roger, skull-and-crossbones, pirate hat, tricorn, parrot-as-pirate-prop, treasure-chest loot, rum bottle, or boarding gear. No adult sexuality, no glamour makeup, no lipstick, no smoky kohl, no beauty spot, no hoop-earring pirate jewellery, no feather boa. Nautical child clothes only — striped sailor kit, not a pirate captain's coat. A telescope is a child's brass spyglass, never a weapon. COSTUME — NAUTICAL, TATTERED CHILD: Wear the specific outfit named below. Lived-in, salt and wind, a bit tattered — not costume-shop new, not gold-braid captain finery. Never a pirate coat with epaulettes, never a sash with weapons, never a tricorn. SETTING — COASTAL CHILDHOOD, NEVER A STUDIO: Follow the named place, weather, and light. Outdoors, nautical, Swedish coast. Never a photographer's studio, never a painted backdrop curtain, never a stool in front of a cyclorama, never a garden, never a cottage porch. FACIAL EXPRESSION — INNOCENT CHILD: Soft, genuine, unguarded. A shy half-smile, a curious open look, a gap-toothed grin, quiet wonder, or a candid glance — never fierce, never commanding, never a villain smirk, never adult glamour. Same girl, child-honest. BODY & POSTURE: Follow the named pose. A child's body — unguarded, no power stance, no hip cock, no chin-up captain address. PORTRAIT CRAFT — WELL MADE: A finished commissioned portrait in the stated medium. Confident composition, careful likeness, handmade and skilled — not clumsy, not a school-play poster, not a snapshot, not a studio cyclorama. Make a well-made portrait of this girl as Svarta Malin at about ten — innocent, not yet a pirate. Portrait orientation, aspect ratio 63:88 (playing card proportions), vertical composition.

Medium: gouache on cream board, opaque pigment, painterly but careful likeness. Palette: near-monochrome sepia with one note of faded red. Framing: almost profile, the place opening behind her ear. Place: at the foot of a whitewashed lighthouse on granite, door ajar, sea and sky huge. Weather: bright overcast Baltic light, no hard shadows. Light: diffused cloud-light, even and kind. Pose: standing small against the lighthouse wall, looking toward the viewer. curious direct gaze, as if she has just been called by name. Hair: same colour and hairline as the source; loose and windblown. Costume (nautical, a bit tattered): sou'wester rain hat (not a tricorn) and a dripping oilskin, hair stuck to her cheeks. Prop (must be visible): a small unpainted wooden toy boat held in both hands. No studio, no weapons, no pirate captain costume, no adult glamour. Vintage Svarta Malin portrait — weathered, nostalgic, faintly melancholic. Use the named palette. The chosen medium must read clearly and look well-made. NOT a photographer's studio, NOT CGI, NOT neon, NOT Disney, NOT a children's-book cartoon, NOT glossy digital, NOT hyperrealistic photography. No studio photograph, no photographer's backdrop, no painted kuliss curtain, no stool-and-cyclorama, no garden, no cottage, no school portrait, no pirate, no captain, no tricorn, no skull-and-crossbones, no Jolly Roger, no flintlock, no pistol, no cutlass, no sword, no dagger, no axe, no hook, no eyepatch, no parrot, no rum, no treasure chest of loot, no adult woman, no teenager, no aged-up face, no different person, no face swap, no generic model child, no altered bone structure, no adult makeup, no lipstick, no smoky kohl, no beauty spot, no hoop pirate earrings, no feather boa, no sexy pose, no glamour stare, no hammy villain expression, no power stance, no Pirates of the Caribbean, no Jack Sparrow, no Disney pirate, no modern clothing, no bright saturated colors, no clean digital look, no neon, no glossy CGI, no hyperrealistic skin, no cartoon, no text, no watermark, no playing card overlay.

================================================================================
2026-08-29T10:20:16.550Z
status: ok
source: IMG_5374.JPG
output: IMG_5374-v6.jpg
version: 6
backend: codex-subscription
keep_expression: false
summary: innocent expr · age ~10 · beached · conté crayon portr · climbing onto a beache
duration_sec: 39.0

picks:
  location: beached
  place: among several beached fishing boats on a strand, keels in the sand
  pose: climbing onto a beached boat's gunwale, not high
  gaze: curious direct gaze, as if she has just been called by name
  media: conté crayon portrait on cream paper, warm brown and black, a little white chalk
  costume: child's navy reefer jacket missing a button, striped stockings with a hole
  props: thin marline / spare line she is fidgeting into a knot
  weather: a squall passing, a bright patch of sun on her
  light: dusk, the sky still light, her face half shadow
  framing: low angle from the water or the dock, she is still a small child not a hero
  hair: same colour and hairline as the source; salted and sticking up at the crown
  palette: cold Prussian blue, cream, a little rust

prompt:
HIGHEST PRIORITY — FACIAL IDENTITY: This must be unmistakably the same girl as in the input photo, aged to about ten. Preserve bone structure, jawline, cheekbones, nose shape, eye shape and spacing, ears, hairline, hair colour, skin tone, and distinctive features (freckles, dimples, gap between front teeth if present). Do NOT invent a new face, do NOT beautify into a different child, do NOT swap ethnicity. If the source looks younger than ten, age her up modestly into a 10-year-old — longer face, slightly less baby-round cheeks, still clearly a child. If she already looks around ten, keep that age. NEVER age her into a teenager or adult. AGE — ABOUT TEN YEARS OLD: A real 10-year-old girl. Child proportions: larger head relative to body, soft cheeks, small nose, no adult makeup, no adult jaw, no developed figure. She has not yet become a pirate. Innocent, open, still a child. SVARTA MALIN AS A CHILD: This is Malin before the legend — about ten, a sailor's daughter. Innocent, curious, wind in her hair. She may be aboard or ashore on the Swedish coast. Not a captain, not dangerous, not posing in a photographer's studio. INNOCENCE — NON-NEGOTIABLE: She is a child. No weapons of any kind. No flintlock, cutlass, dagger, axe, pistol, sword, hook, eyepatch, Jolly Roger, skull-and-crossbones, pirate hat, tricorn, parrot-as-pirate-prop, treasure-chest loot, rum bottle, or boarding gear. No adult sexuality, no glamour makeup, no lipstick, no smoky kohl, no beauty spot, no hoop-earring pirate jewellery, no feather boa. Nautical child clothes only — striped sailor kit, not a pirate captain's coat. A telescope is a child's brass spyglass, never a weapon. COSTUME — NAUTICAL, TATTERED CHILD: Wear the specific outfit named below. Lived-in, salt and wind, a bit tattered — not costume-shop new, not gold-braid captain finery. Never a pirate coat with epaulettes, never a sash with weapons, never a tricorn. SETTING — COASTAL CHILDHOOD, NEVER A STUDIO: Follow the named place, weather, and light. Outdoors, nautical, Swedish coast. Never a photographer's studio, never a painted backdrop curtain, never a stool in front of a cyclorama, never a garden, never a cottage porch. FACIAL EXPRESSION — INNOCENT CHILD: Soft, genuine, unguarded. A shy half-smile, a curious open look, a gap-toothed grin, quiet wonder, or a candid glance — never fierce, never commanding, never a villain smirk, never adult glamour. Same girl, child-honest. BODY & POSTURE: Follow the named pose. A child's body — unguarded, no power stance, no hip cock, no chin-up captain address. PORTRAIT CRAFT — WELL MADE: A finished commissioned portrait in the stated medium. Confident composition, careful likeness, handmade and skilled — not clumsy, not a school-play poster, not a snapshot, not a studio cyclorama. Make a well-made portrait of this girl as Svarta Malin at about ten — innocent, not yet a pirate. Portrait orientation, aspect ratio 63:88 (playing card proportions), vertical composition.

Medium: conté crayon portrait on cream paper, warm brown and black, a little white chalk. Palette: cold Prussian blue, cream, a little rust. Framing: low angle from the water or the dock, she is still a small child not a hero. Place: among several beached fishing boats on a strand, keels in the sand. Weather: a squall passing, a bright patch of sun on her. Light: dusk, the sky still light, her face half shadow. Pose: climbing onto a beached boat's gunwale, not high. curious direct gaze, as if she has just been called by name. Hair: same colour and hairline as the source; salted and sticking up at the crown. Costume (nautical, a bit tattered): child's navy reefer jacket missing a button, striped stockings with a hole. Prop (must be visible): thin marline / spare line she is fidgeting into a knot. No studio, no weapons, no pirate captain costume, no adult glamour. Vintage Svarta Malin portrait — weathered, nostalgic, faintly melancholic. Use the named palette. The chosen medium must read clearly and look well-made. NOT a photographer's studio, NOT CGI, NOT neon, NOT Disney, NOT a children's-book cartoon, NOT glossy digital, NOT hyperrealistic photography. No studio photograph, no photographer's backdrop, no painted kuliss curtain, no stool-and-cyclorama, no garden, no cottage, no school portrait, no pirate, no captain, no tricorn, no skull-and-crossbones, no Jolly Roger, no flintlock, no pistol, no cutlass, no sword, no dagger, no axe, no hook, no eyepatch, no parrot, no rum, no treasure chest of loot, no adult woman, no teenager, no aged-up face, no different person, no face swap, no generic model child, no altered bone structure, no adult makeup, no lipstick, no smoky kohl, no beauty spot, no hoop pirate earrings, no feather boa, no sexy pose, no glamour stare, no hammy villain expression, no power stance, no Pirates of the Caribbean, no Jack Sparrow, no Disney pirate, no modern clothing, no bright saturated colors, no clean digital look, no neon, no glossy CGI, no hyperrealistic skin, no cartoon, no text, no watermark, no playing card overlay.

================================================================================
2026-08-29T10:21:18.500Z
status: ok
source: IMG_5375.JPG
output: IMG_5375-v6.jpg
version: 6
backend: codex-subscription
keep_expression: false
summary: innocent expr · age ~10 · sandbar · conté crayon portr · running a few steps on
duration_sec: 61.9

picks:
  location: sandbar
  place: on a sandbar at low tide, tidal pools, the mainland a dark strip
  pose: running a few steps on wet sand, looking back
  gaze: shy half-smile, eyes meeting the viewer then almost glancing away
  media: conté crayon portrait on cream paper, warm brown and black, a little white chalk
  costume: cream Guernsey knit gone out at the cuffs, rope belt, no shoes
  props: a single oar taller than she is, held upright
  weather: grey chop, a little spray
  light: a shaft of sun through fog, theatrical but natural
  framing: cropped at the knees, wind filling the rest of the frame
  hair: same colour and hairline as the source; a faded ribbon half-undone
  palette: near-monochrome sepia with one note of faded red

prompt:
HIGHEST PRIORITY — FACIAL IDENTITY: This must be unmistakably the same girl as in the input photo, aged to about ten. Preserve bone structure, jawline, cheekbones, nose shape, eye shape and spacing, ears, hairline, hair colour, skin tone, and distinctive features (freckles, dimples, gap between front teeth if present). Do NOT invent a new face, do NOT beautify into a different child, do NOT swap ethnicity. If the source looks younger than ten, age her up modestly into a 10-year-old — longer face, slightly less baby-round cheeks, still clearly a child. If she already looks around ten, keep that age. NEVER age her into a teenager or adult. AGE — ABOUT TEN YEARS OLD: A real 10-year-old girl. Child proportions: larger head relative to body, soft cheeks, small nose, no adult makeup, no adult jaw, no developed figure. She has not yet become a pirate. Innocent, open, still a child. SVARTA MALIN AS A CHILD: This is Malin before the legend — about ten, a sailor's daughter. Innocent, curious, wind in her hair. She may be aboard or ashore on the Swedish coast. Not a captain, not dangerous, not posing in a photographer's studio. INNOCENCE — NON-NEGOTIABLE: She is a child. No weapons of any kind. No flintlock, cutlass, dagger, axe, pistol, sword, hook, eyepatch, Jolly Roger, skull-and-crossbones, pirate hat, tricorn, parrot-as-pirate-prop, treasure-chest loot, rum bottle, or boarding gear. No adult sexuality, no glamour makeup, no lipstick, no smoky kohl, no beauty spot, no hoop-earring pirate jewellery, no feather boa. Nautical child clothes only — striped sailor kit, not a pirate captain's coat. A telescope is a child's brass spyglass, never a weapon. COSTUME — NAUTICAL, TATTERED CHILD: Wear the specific outfit named below. Lived-in, salt and wind, a bit tattered — not costume-shop new, not gold-braid captain finery. Never a pirate coat with epaulettes, never a sash with weapons, never a tricorn. SETTING — COASTAL CHILDHOOD, NEVER A STUDIO: Follow the named place, weather, and light. Outdoors, nautical, Swedish coast. Never a photographer's studio, never a painted backdrop curtain, never a stool in front of a cyclorama, never a garden, never a cottage porch. FACIAL EXPRESSION — INNOCENT CHILD: Soft, genuine, unguarded. A shy half-smile, a curious open look, a gap-toothed grin, quiet wonder, or a candid glance — never fierce, never commanding, never a villain smirk, never adult glamour. Same girl, child-honest. BODY & POSTURE: Follow the named pose. A child's body — unguarded, no power stance, no hip cock, no chin-up captain address. PORTRAIT CRAFT — WELL MADE: A finished commissioned portrait in the stated medium. Confident composition, careful likeness, handmade and skilled — not clumsy, not a school-play poster, not a snapshot, not a studio cyclorama. Make a well-made portrait of this girl as Svarta Malin at about ten — innocent, not yet a pirate. Portrait orientation, aspect ratio 63:88 (playing card proportions), vertical composition.

Medium: conté crayon portrait on cream paper, warm brown and black, a little white chalk. Palette: near-monochrome sepia with one note of faded red. Framing: cropped at the knees, wind filling the rest of the frame. Place: on a sandbar at low tide, tidal pools, the mainland a dark strip. Weather: grey chop, a little spray. Light: a shaft of sun through fog, theatrical but natural. Pose: running a few steps on wet sand, looking back. shy half-smile, eyes meeting the viewer then almost glancing away. Hair: same colour and hairline as the source; a faded ribbon half-undone. Costume (nautical, a bit tattered): cream Guernsey knit gone out at the cuffs, rope belt, no shoes. Prop (must be visible): a single oar taller than she is, held upright. No studio, no weapons, no pirate captain costume, no adult glamour. Vintage Svarta Malin portrait — weathered, nostalgic, faintly melancholic. Use the named palette. The chosen medium must read clearly and look well-made. NOT a photographer's studio, NOT CGI, NOT neon, NOT Disney, NOT a children's-book cartoon, NOT glossy digital, NOT hyperrealistic photography. No studio photograph, no photographer's backdrop, no painted kuliss curtain, no stool-and-cyclorama, no garden, no cottage, no school portrait, no pirate, no captain, no tricorn, no skull-and-crossbones, no Jolly Roger, no flintlock, no pistol, no cutlass, no sword, no dagger, no axe, no hook, no eyepatch, no parrot, no rum, no treasure chest of loot, no adult woman, no teenager, no aged-up face, no different person, no face swap, no generic model child, no altered bone structure, no adult makeup, no lipstick, no smoky kohl, no beauty spot, no hoop pirate earrings, no feather boa, no sexy pose, no glamour stare, no hammy villain expression, no power stance, no Pirates of the Caribbean, no Jack Sparrow, no Disney pirate, no modern clothing, no bright saturated colors, no clean digital look, no neon, no glossy CGI, no hyperrealistic skin, no cartoon, no text, no watermark, no playing card overlay.

================================================================================
2026-08-29T10:22:20.699Z
status: ok
source: IMG_5376.JPG
output: IMG_5376-v6.jpg
version: 6
backend: codex-subscription
keep_expression: false
summary: innocent expr · age ~10 · slipway · Swedish picture-bo · sitting on a keel-bloc
duration_sec: 62.2

picks:
  location: slipway
  place: on a wooden boat slipway / båtslipp, wet boards, keel-blocks, a hull nearby
  pose: sitting on a keel-block, slip and hull behind her
  gaze: looking down at the water, then catching the viewer from under her brow
  media: Swedish picture-book illustration in the spirit of Bauer or Beskow — lyrical, not cartoon, not Disney
  costume: faded indigo sailor dress, torn pocket mended with mismatched thread, bare feet
  props: a single oar taller than she is, held upright
  weather: bright overcast Baltic light, no hard shadows
  light: dusk, the sky still light, her face half shadow
  framing: slightly high angle, she looks up
  hair: same colour and hairline as the source; a faded ribbon half-undone
  palette: bone, tar-black, and a wash of sea-green

prompt:
HIGHEST PRIORITY — FACIAL IDENTITY: This must be unmistakably the same girl as in the input photo, aged to about ten. Preserve bone structure, jawline, cheekbones, nose shape, eye shape and spacing, ears, hairline, hair colour, skin tone, and distinctive features (freckles, dimples, gap between front teeth if present). Do NOT invent a new face, do NOT beautify into a different child, do NOT swap ethnicity. If the source looks younger than ten, age her up modestly into a 10-year-old — longer face, slightly less baby-round cheeks, still clearly a child. If she already looks around ten, keep that age. NEVER age her into a teenager or adult. AGE — ABOUT TEN YEARS OLD: A real 10-year-old girl. Child proportions: larger head relative to body, soft cheeks, small nose, no adult makeup, no adult jaw, no developed figure. She has not yet become a pirate. Innocent, open, still a child. SVARTA MALIN AS A CHILD: This is Malin before the legend — about ten, a sailor's daughter. Innocent, curious, wind in her hair. She may be aboard or ashore on the Swedish coast. Not a captain, not dangerous, not posing in a photographer's studio. INNOCENCE — NON-NEGOTIABLE: She is a child. No weapons of any kind. No flintlock, cutlass, dagger, axe, pistol, sword, hook, eyepatch, Jolly Roger, skull-and-crossbones, pirate hat, tricorn, parrot-as-pirate-prop, treasure-chest loot, rum bottle, or boarding gear. No adult sexuality, no glamour makeup, no lipstick, no smoky kohl, no beauty spot, no hoop-earring pirate jewellery, no feather boa. Nautical child clothes only — striped sailor kit, not a pirate captain's coat. A telescope is a child's brass spyglass, never a weapon. COSTUME — NAUTICAL, TATTERED CHILD: Wear the specific outfit named below. Lived-in, salt and wind, a bit tattered — not costume-shop new, not gold-braid captain finery. Never a pirate coat with epaulettes, never a sash with weapons, never a tricorn. SETTING — COASTAL CHILDHOOD, NEVER A STUDIO: Follow the named place, weather, and light. Outdoors, nautical, Swedish coast. Never a photographer's studio, never a painted backdrop curtain, never a stool in front of a cyclorama, never a garden, never a cottage porch. FACIAL EXPRESSION — INNOCENT CHILD: Soft, genuine, unguarded. A shy half-smile, a curious open look, a gap-toothed grin, quiet wonder, or a candid glance — never fierce, never commanding, never a villain smirk, never adult glamour. Same girl, child-honest. BODY & POSTURE: Follow the named pose. A child's body — unguarded, no power stance, no hip cock, no chin-up captain address. PORTRAIT CRAFT — WELL MADE: A finished commissioned portrait in the stated medium. Confident composition, careful likeness, handmade and skilled — not clumsy, not a school-play poster, not a snapshot, not a studio cyclorama. Make a well-made portrait of this girl as Svarta Malin at about ten — innocent, not yet a pirate. Portrait orientation, aspect ratio 63:88 (playing card proportions), vertical composition.

Medium: Swedish picture-book illustration in the spirit of Bauer or Beskow — lyrical, not cartoon, not Disney. Palette: bone, tar-black, and a wash of sea-green. Framing: slightly high angle, she looks up. Place: on a wooden boat slipway / båtslipp, wet boards, keel-blocks, a hull nearby. Weather: bright overcast Baltic light, no hard shadows. Light: dusk, the sky still light, her face half shadow. Pose: sitting on a keel-block, slip and hull behind her. looking down at the water, then catching the viewer from under her brow. Hair: same colour and hairline as the source; a faded ribbon half-undone. Costume (nautical, a bit tattered): faded indigo sailor dress, torn pocket mended with mismatched thread, bare feet. Prop (must be visible): a single oar taller than she is, held upright. No studio, no weapons, no pirate captain costume, no adult glamour. Vintage Svarta Malin portrait — weathered, nostalgic, faintly melancholic. Use the named palette. The chosen medium must read clearly and look well-made. NOT a photographer's studio, NOT CGI, NOT neon, NOT Disney, NOT a children's-book cartoon, NOT glossy digital, NOT hyperrealistic photography. No studio photograph, no photographer's backdrop, no painted kuliss curtain, no stool-and-cyclorama, no garden, no cottage, no school portrait, no pirate, no captain, no tricorn, no skull-and-crossbones, no Jolly Roger, no flintlock, no pistol, no cutlass, no sword, no dagger, no axe, no hook, no eyepatch, no parrot, no rum, no treasure chest of loot, no adult woman, no teenager, no aged-up face, no different person, no face swap, no generic model child, no altered bone structure, no adult makeup, no lipstick, no smoky kohl, no beauty spot, no hoop pirate earrings, no feather boa, no sexy pose, no glamour stare, no hammy villain expression, no power stance, no Pirates of the Caribbean, no Jack Sparrow, no Disney pirate, no modern clothing, no bright saturated colors, no clean digital look, no neon, no glossy CGI, no hyperrealistic skin, no cartoon, no text, no watermark, no playing card overlay.

================================================================================
2026-08-29T10:23:19.373Z
status: ok
source: IMG_5372.JPG
output: IMG_5372-v7.jpg
version: 7
backend: codex-subscription
keep_expression: false
summary: innocent expr · age ~10 · rowboat · sanguine red-chalk · perched on the thwart 
duration_sec: 58.7

picks:
  location: rowboat
  place: in or beside a small wooden rowboat pulled up on shore or tied at a dock
  pose: perched on the thwart of a tied dinghy at the dock
  gaze: looking down at the water, then catching the viewer from under her brow
  media: sanguine red-chalk drawing, cream paper, a little graphite
  costume: too-big salt-stained pea coat, striped undershirt, rope belt, hem coming down
  props: a closed brass telescope held in both hands like something precious
  weather: stiff breeze, clothes and hair moving, whitecaps far out
  light: low evening sun, long warm shadows, gold on the water
  framing: almost profile, the place opening behind her ear
  hair: same colour and hairline as the source; one messy braid
  palette: ochre, umber, salt-grey, cream

prompt:
HIGHEST PRIORITY — FACIAL IDENTITY: This must be unmistakably the same girl as in the input photo, aged to about ten. Preserve bone structure, jawline, cheekbones, nose shape, eye shape and spacing, ears, hairline, hair colour, skin tone, and distinctive features (freckles, dimples, gap between front teeth if present). Do NOT invent a new face, do NOT beautify into a different child, do NOT swap ethnicity. If the source looks younger than ten, age her up modestly into a 10-year-old — longer face, slightly less baby-round cheeks, still clearly a child. If she already looks around ten, keep that age. NEVER age her into a teenager or adult. AGE — ABOUT TEN YEARS OLD: A real 10-year-old girl. Child proportions: larger head relative to body, soft cheeks, small nose, no adult makeup, no adult jaw, no developed figure. She has not yet become a pirate. Innocent, open, still a child. SVARTA MALIN AS A CHILD: This is Malin before the legend — about ten, a sailor's daughter. Innocent, curious, wind in her hair. She may be aboard or ashore on the Swedish coast. Not a captain, not dangerous, not posing in a photographer's studio. INNOCENCE — NON-NEGOTIABLE: She is a child. No weapons of any kind. No flintlock, cutlass, dagger, axe, pistol, sword, hook, eyepatch, Jolly Roger, skull-and-crossbones, pirate hat, tricorn, parrot-as-pirate-prop, treasure-chest loot, rum bottle, or boarding gear. No adult sexuality, no glamour makeup, no lipstick, no smoky kohl, no beauty spot, no hoop-earring pirate jewellery, no feather boa. Nautical child clothes only — striped sailor kit, not a pirate captain's coat. A telescope is a child's brass spyglass, never a weapon. COSTUME — NAUTICAL, TATTERED CHILD: Wear the specific outfit named below. Lived-in, salt and wind, a bit tattered — not costume-shop new, not gold-braid captain finery. Never a pirate coat with epaulettes, never a sash with weapons, never a tricorn. SETTING — COASTAL CHILDHOOD, NEVER A STUDIO: Follow the named place, weather, and light. Outdoors, nautical, Swedish coast. Never a photographer's studio, never a painted backdrop curtain, never a stool in front of a cyclorama, never a garden, never a cottage porch. FACIAL EXPRESSION — INNOCENT CHILD: Soft, genuine, unguarded. A shy half-smile, a curious open look, a gap-toothed grin, quiet wonder, or a candid glance — never fierce, never commanding, never a villain smirk, never adult glamour. Same girl, child-honest. BODY & POSTURE: Follow the named pose. A child's body — unguarded, no power stance, no hip cock, no chin-up captain address. PORTRAIT CRAFT — WELL MADE: A finished commissioned portrait in the stated medium. Confident composition, careful likeness, handmade and skilled — not clumsy, not a school-play poster, not a snapshot, not a studio cyclorama. Make a well-made portrait of this girl as Svarta Malin at about ten — innocent, not yet a pirate. Portrait orientation, aspect ratio 63:88 (playing card proportions), vertical composition.

Medium: sanguine red-chalk drawing, cream paper, a little graphite. Palette: ochre, umber, salt-grey, cream. Framing: almost profile, the place opening behind her ear. Place: in or beside a small wooden rowboat pulled up on shore or tied at a dock. Weather: stiff breeze, clothes and hair moving, whitecaps far out. Light: low evening sun, long warm shadows, gold on the water. Pose: perched on the thwart of a tied dinghy at the dock. looking down at the water, then catching the viewer from under her brow. Hair: same colour and hairline as the source; one messy braid. Costume (nautical, a bit tattered): too-big salt-stained pea coat, striped undershirt, rope belt, hem coming down. Prop (must be visible): a closed brass telescope held in both hands like something precious. No studio, no weapons, no pirate captain costume, no adult glamour. Vintage Svarta Malin portrait — weathered, nostalgic, faintly melancholic. Use the named palette. The chosen medium must read clearly and look well-made. NOT a photographer's studio, NOT CGI, NOT neon, NOT Disney, NOT a children's-book cartoon, NOT glossy digital, NOT hyperrealistic photography. No studio photograph, no photographer's backdrop, no painted kuliss curtain, no stool-and-cyclorama, no garden, no cottage, no school portrait, no pirate, no captain, no tricorn, no skull-and-crossbones, no Jolly Roger, no flintlock, no pistol, no cutlass, no sword, no dagger, no axe, no hook, no eyepatch, no parrot, no rum, no treasure chest of loot, no adult woman, no teenager, no aged-up face, no different person, no face swap, no generic model child, no altered bone structure, no adult makeup, no lipstick, no smoky kohl, no beauty spot, no hoop pirate earrings, no feather boa, no sexy pose, no glamour stare, no hammy villain expression, no power stance, no Pirates of the Caribbean, no Jack Sparrow, no Disney pirate, no modern clothing, no bright saturated colors, no clean digital look, no neon, no glossy CGI, no hyperrealistic skin, no cartoon, no text, no watermark, no playing card overlay.

================================================================================
2026-08-29T10:23:58.683Z
status: ok
source: IMG_5373.JPG
output: IMG_5373-v7.jpg
version: 7
backend: codex-subscription
keep_expression: false
summary: innocent expr · age ~10 · beached · Prussian-blue cyan · standing between two k
duration_sec: 39.3

picks:
  location: beached
  place: among several beached fishing boats on a strand, keels in the sand
  pose: standing between two keels, looking toward the viewer
  gaze: squinting slightly in wind or sun, still a child, not fierce
  media: Prussian-blue cyanotype look, then hand-tinted cheeks and hair — still handmade, not a studio photo
  costume: navy sailor-collar smock over Breton stripes, cuffs frayed, one patch on the knee
  props: a single oar taller than she is, held upright
  weather: stiff breeze, clothes and hair moving, whitecaps far out
  light: diffused cloud-light, even and kind
  framing: cropped at the knees, wind filling the rest of the frame
  hair: same colour and hairline as the source; a single lock in her mouth
  palette: ochre, umber, salt-grey, cream

prompt:
HIGHEST PRIORITY — FACIAL IDENTITY: This must be unmistakably the same girl as in the input photo, aged to about ten. Preserve bone structure, jawline, cheekbones, nose shape, eye shape and spacing, ears, hairline, hair colour, skin tone, and distinctive features (freckles, dimples, gap between front teeth if present). Do NOT invent a new face, do NOT beautify into a different child, do NOT swap ethnicity. If the source looks younger than ten, age her up modestly into a 10-year-old — longer face, slightly less baby-round cheeks, still clearly a child. If she already looks around ten, keep that age. NEVER age her into a teenager or adult. AGE — ABOUT TEN YEARS OLD: A real 10-year-old girl. Child proportions: larger head relative to body, soft cheeks, small nose, no adult makeup, no adult jaw, no developed figure. She has not yet become a pirate. Innocent, open, still a child. SVARTA MALIN AS A CHILD: This is Malin before the legend — about ten, a sailor's daughter. Innocent, curious, wind in her hair. She may be aboard or ashore on the Swedish coast. Not a captain, not dangerous, not posing in a photographer's studio. INNOCENCE — NON-NEGOTIABLE: She is a child. No weapons of any kind. No flintlock, cutlass, dagger, axe, pistol, sword, hook, eyepatch, Jolly Roger, skull-and-crossbones, pirate hat, tricorn, parrot-as-pirate-prop, treasure-chest loot, rum bottle, or boarding gear. No adult sexuality, no glamour makeup, no lipstick, no smoky kohl, no beauty spot, no hoop-earring pirate jewellery, no feather boa. Nautical child clothes only — striped sailor kit, not a pirate captain's coat. A telescope is a child's brass spyglass, never a weapon. COSTUME — NAUTICAL, TATTERED CHILD: Wear the specific outfit named below. Lived-in, salt and wind, a bit tattered — not costume-shop new, not gold-braid captain finery. Never a pirate coat with epaulettes, never a sash with weapons, never a tricorn. SETTING — COASTAL CHILDHOOD, NEVER A STUDIO: Follow the named place, weather, and light. Outdoors, nautical, Swedish coast. Never a photographer's studio, never a painted backdrop curtain, never a stool in front of a cyclorama, never a garden, never a cottage porch. FACIAL EXPRESSION — INNOCENT CHILD: Soft, genuine, unguarded. A shy half-smile, a curious open look, a gap-toothed grin, quiet wonder, or a candid glance — never fierce, never commanding, never a villain smirk, never adult glamour. Same girl, child-honest. BODY & POSTURE: Follow the named pose. A child's body — unguarded, no power stance, no hip cock, no chin-up captain address. PORTRAIT CRAFT — WELL MADE: A finished commissioned portrait in the stated medium. Confident composition, careful likeness, handmade and skilled — not clumsy, not a school-play poster, not a snapshot, not a studio cyclorama. Make a well-made portrait of this girl as Svarta Malin at about ten — innocent, not yet a pirate. Portrait orientation, aspect ratio 63:88 (playing card proportions), vertical composition.

Medium: Prussian-blue cyanotype look, then hand-tinted cheeks and hair — still handmade, not a studio photo. Palette: ochre, umber, salt-grey, cream. Framing: cropped at the knees, wind filling the rest of the frame. Place: among several beached fishing boats on a strand, keels in the sand. Weather: stiff breeze, clothes and hair moving, whitecaps far out. Light: diffused cloud-light, even and kind. Pose: standing between two keels, looking toward the viewer. squinting slightly in wind or sun, still a child, not fierce. Hair: same colour and hairline as the source; a single lock in her mouth. Costume (nautical, a bit tattered): navy sailor-collar smock over Breton stripes, cuffs frayed, one patch on the knee. Prop (must be visible): a single oar taller than she is, held upright. No studio, no weapons, no pirate captain costume, no adult glamour. Vintage Svarta Malin portrait — weathered, nostalgic, faintly melancholic. Use the named palette. The chosen medium must read clearly and look well-made. NOT a photographer's studio, NOT CGI, NOT neon, NOT Disney, NOT a children's-book cartoon, NOT glossy digital, NOT hyperrealistic photography. No studio photograph, no photographer's backdrop, no painted kuliss curtain, no stool-and-cyclorama, no garden, no cottage, no school portrait, no pirate, no captain, no tricorn, no skull-and-crossbones, no Jolly Roger, no flintlock, no pistol, no cutlass, no sword, no dagger, no axe, no hook, no eyepatch, no parrot, no rum, no treasure chest of loot, no adult woman, no teenager, no aged-up face, no different person, no face swap, no generic model child, no altered bone structure, no adult makeup, no lipstick, no smoky kohl, no beauty spot, no hoop pirate earrings, no feather boa, no sexy pose, no glamour stare, no hammy villain expression, no power stance, no Pirates of the Caribbean, no Jack Sparrow, no Disney pirate, no modern clothing, no bright saturated colors, no clean digital look, no neon, no glossy CGI, no hyperrealistic skin, no cartoon, no text, no watermark, no playing card overlay.

================================================================================
2026-08-29T10:24:53.204Z
status: ok
source: IMG_5374.JPG
output: IMG_5374-v7.jpg
version: 7
backend: codex-subscription
keep_expression: false
summary: innocent expr · age ~10 · reeds · vintage chromolith · sitting at the reed-ed
duration_sec: 54.5

picks:
  location: reeds
  place: in tall reeds at a sheltered inlet, water glinting between the stems
  pose: sitting at the reed-edge with her feet in the shallows
  gaze: quiet wonder, a small genuine smile
  media: vintage chromolithograph, cabinet-card / cigarette-card print, limited bold palette slightly faded
  costume: salt-bleached sailor collar and rope-tied waist, clothes wind-worn not costume-new
  props: a carved pine toy boat with a paper sail, in her lap
  weather: dead-calm water like glass, one gull
  light: diffused cloud-light, even and kind
  framing: she is off-centre, the sea taking half the picture
  hair: same colour and hairline as the source; loose and windblown
  palette: chalky pastels: grey-blue, sand, white

prompt:
HIGHEST PRIORITY — FACIAL IDENTITY: This must be unmistakably the same girl as in the input photo, aged to about ten. Preserve bone structure, jawline, cheekbones, nose shape, eye shape and spacing, ears, hairline, hair colour, skin tone, and distinctive features (freckles, dimples, gap between front teeth if present). Do NOT invent a new face, do NOT beautify into a different child, do NOT swap ethnicity. If the source looks younger than ten, age her up modestly into a 10-year-old — longer face, slightly less baby-round cheeks, still clearly a child. If she already looks around ten, keep that age. NEVER age her into a teenager or adult. AGE — ABOUT TEN YEARS OLD: A real 10-year-old girl. Child proportions: larger head relative to body, soft cheeks, small nose, no adult makeup, no adult jaw, no developed figure. She has not yet become a pirate. Innocent, open, still a child. SVARTA MALIN AS A CHILD: This is Malin before the legend — about ten, a sailor's daughter. Innocent, curious, wind in her hair. She may be aboard or ashore on the Swedish coast. Not a captain, not dangerous, not posing in a photographer's studio. INNOCENCE — NON-NEGOTIABLE: She is a child. No weapons of any kind. No flintlock, cutlass, dagger, axe, pistol, sword, hook, eyepatch, Jolly Roger, skull-and-crossbones, pirate hat, tricorn, parrot-as-pirate-prop, treasure-chest loot, rum bottle, or boarding gear. No adult sexuality, no glamour makeup, no lipstick, no smoky kohl, no beauty spot, no hoop-earring pirate jewellery, no feather boa. Nautical child clothes only — striped sailor kit, not a pirate captain's coat. A telescope is a child's brass spyglass, never a weapon. COSTUME — NAUTICAL, TATTERED CHILD: Wear the specific outfit named below. Lived-in, salt and wind, a bit tattered — not costume-shop new, not gold-braid captain finery. Never a pirate coat with epaulettes, never a sash with weapons, never a tricorn. SETTING — COASTAL CHILDHOOD, NEVER A STUDIO: Follow the named place, weather, and light. Outdoors, nautical, Swedish coast. Never a photographer's studio, never a painted backdrop curtain, never a stool in front of a cyclorama, never a garden, never a cottage porch. FACIAL EXPRESSION — INNOCENT CHILD: Soft, genuine, unguarded. A shy half-smile, a curious open look, a gap-toothed grin, quiet wonder, or a candid glance — never fierce, never commanding, never a villain smirk, never adult glamour. Same girl, child-honest. BODY & POSTURE: Follow the named pose. A child's body — unguarded, no power stance, no hip cock, no chin-up captain address. PORTRAIT CRAFT — WELL MADE: A finished commissioned portrait in the stated medium. Confident composition, careful likeness, handmade and skilled — not clumsy, not a school-play poster, not a snapshot, not a studio cyclorama. Make a well-made portrait of this girl as Svarta Malin at about ten — innocent, not yet a pirate. Portrait orientation, aspect ratio 63:88 (playing card proportions), vertical composition.

Medium: vintage chromolithograph, cabinet-card / cigarette-card print, limited bold palette slightly faded. Palette: chalky pastels: grey-blue, sand, white. Framing: she is off-centre, the sea taking half the picture. Place: in tall reeds at a sheltered inlet, water glinting between the stems. Weather: dead-calm water like glass, one gull. Light: diffused cloud-light, even and kind. Pose: sitting at the reed-edge with her feet in the shallows. quiet wonder, a small genuine smile. Hair: same colour and hairline as the source; loose and windblown. Costume (nautical, a bit tattered): salt-bleached sailor collar and rope-tied waist, clothes wind-worn not costume-new. Prop (must be visible): a carved pine toy boat with a paper sail, in her lap. No studio, no weapons, no pirate captain costume, no adult glamour. Vintage Svarta Malin portrait — weathered, nostalgic, faintly melancholic. Use the named palette. The chosen medium must read clearly and look well-made. NOT a photographer's studio, NOT CGI, NOT neon, NOT Disney, NOT a children's-book cartoon, NOT glossy digital, NOT hyperrealistic photography. No studio photograph, no photographer's backdrop, no painted kuliss curtain, no stool-and-cyclorama, no garden, no cottage, no school portrait, no pirate, no captain, no tricorn, no skull-and-crossbones, no Jolly Roger, no flintlock, no pistol, no cutlass, no sword, no dagger, no axe, no hook, no eyepatch, no parrot, no rum, no treasure chest of loot, no adult woman, no teenager, no aged-up face, no different person, no face swap, no generic model child, no altered bone structure, no adult makeup, no lipstick, no smoky kohl, no beauty spot, no hoop pirate earrings, no feather boa, no sexy pose, no glamour stare, no hammy villain expression, no power stance, no Pirates of the Caribbean, no Jack Sparrow, no Disney pirate, no modern clothing, no bright saturated colors, no clean digital look, no neon, no glossy CGI, no hyperrealistic skin, no cartoon, no text, no watermark, no playing card overlay.

================================================================================
2026-08-29T10:26:14.274Z
status: ok
source: IMG_5375.JPG
output: IMG_5375-v7.jpg
version: 7
backend: codex-subscription
keep_expression: false
summary: innocent expr · age ~10 · rock · vintage chromolith · perched on a cliff-edg
duration_sec: 81.1

picks:
  location: rock
  place: on a granite rock by the water, Swedish skerries, waves at the foot of the stone
  pose: perched on a cliff-edge rock, water far below, not dangerous-looking
  gaze: squinting slightly in wind or sun, still a child, not fierce
  media: vintage chromolithograph, cabinet-card / cigarette-card print, limited bold palette slightly faded
  costume: faded indigo sailor dress, torn pocket mended with mismatched thread, bare feet
  props: a carved pine toy boat with a paper sail, in her lap
  weather: dead-calm water like glass, one gull
  light: late afternoon raking light across planks or granite
  framing: low angle from the water or the dock, she is still a small child not a hero
  hair: same colour and hairline as the source; wet fringe stuck to her forehead
  palette: warm gold hour: amber, brown, pale sky

prompt:
HIGHEST PRIORITY — FACIAL IDENTITY: This must be unmistakably the same girl as in the input photo, aged to about ten. Preserve bone structure, jawline, cheekbones, nose shape, eye shape and spacing, ears, hairline, hair colour, skin tone, and distinctive features (freckles, dimples, gap between front teeth if present). Do NOT invent a new face, do NOT beautify into a different child, do NOT swap ethnicity. If the source looks younger than ten, age her up modestly into a 10-year-old — longer face, slightly less baby-round cheeks, still clearly a child. If she already looks around ten, keep that age. NEVER age her into a teenager or adult. AGE — ABOUT TEN YEARS OLD: A real 10-year-old girl. Child proportions: larger head relative to body, soft cheeks, small nose, no adult makeup, no adult jaw, no developed figure. She has not yet become a pirate. Innocent, open, still a child. SVARTA MALIN AS A CHILD: This is Malin before the legend — about ten, a sailor's daughter. Innocent, curious, wind in her hair. She may be aboard or ashore on the Swedish coast. Not a captain, not dangerous, not posing in a photographer's studio. INNOCENCE — NON-NEGOTIABLE: She is a child. No weapons of any kind. No flintlock, cutlass, dagger, axe, pistol, sword, hook, eyepatch, Jolly Roger, skull-and-crossbones, pirate hat, tricorn, parrot-as-pirate-prop, treasure-chest loot, rum bottle, or boarding gear. No adult sexuality, no glamour makeup, no lipstick, no smoky kohl, no beauty spot, no hoop-earring pirate jewellery, no feather boa. Nautical child clothes only — striped sailor kit, not a pirate captain's coat. A telescope is a child's brass spyglass, never a weapon. COSTUME — NAUTICAL, TATTERED CHILD: Wear the specific outfit named below. Lived-in, salt and wind, a bit tattered — not costume-shop new, not gold-braid captain finery. Never a pirate coat with epaulettes, never a sash with weapons, never a tricorn. SETTING — COASTAL CHILDHOOD, NEVER A STUDIO: Follow the named place, weather, and light. Outdoors, nautical, Swedish coast. Never a photographer's studio, never a painted backdrop curtain, never a stool in front of a cyclorama, never a garden, never a cottage porch. FACIAL EXPRESSION — INNOCENT CHILD: Soft, genuine, unguarded. A shy half-smile, a curious open look, a gap-toothed grin, quiet wonder, or a candid glance — never fierce, never commanding, never a villain smirk, never adult glamour. Same girl, child-honest. BODY & POSTURE: Follow the named pose. A child's body — unguarded, no power stance, no hip cock, no chin-up captain address. PORTRAIT CRAFT — WELL MADE: A finished commissioned portrait in the stated medium. Confident composition, careful likeness, handmade and skilled — not clumsy, not a school-play poster, not a snapshot, not a studio cyclorama. Make a well-made portrait of this girl as Svarta Malin at about ten — innocent, not yet a pirate. Portrait orientation, aspect ratio 63:88 (playing card proportions), vertical composition.

Medium: vintage chromolithograph, cabinet-card / cigarette-card print, limited bold palette slightly faded. Palette: warm gold hour: amber, brown, pale sky. Framing: low angle from the water or the dock, she is still a small child not a hero. Place: on a granite rock by the water, Swedish skerries, waves at the foot of the stone. Weather: dead-calm water like glass, one gull. Light: late afternoon raking light across planks or granite. Pose: perched on a cliff-edge rock, water far below, not dangerous-looking. squinting slightly in wind or sun, still a child, not fierce. Hair: same colour and hairline as the source; wet fringe stuck to her forehead. Costume (nautical, a bit tattered): faded indigo sailor dress, torn pocket mended with mismatched thread, bare feet. Prop (must be visible): a carved pine toy boat with a paper sail, in her lap. No studio, no weapons, no pirate captain costume, no adult glamour. Vintage Svarta Malin portrait — weathered, nostalgic, faintly melancholic. Use the named palette. The chosen medium must read clearly and look well-made. NOT a photographer's studio, NOT CGI, NOT neon, NOT Disney, NOT a children's-book cartoon, NOT glossy digital, NOT hyperrealistic photography. No studio photograph, no photographer's backdrop, no painted kuliss curtain, no stool-and-cyclorama, no garden, no cottage, no school portrait, no pirate, no captain, no tricorn, no skull-and-crossbones, no Jolly Roger, no flintlock, no pistol, no cutlass, no sword, no dagger, no axe, no hook, no eyepatch, no parrot, no rum, no treasure chest of loot, no adult woman, no teenager, no aged-up face, no different person, no face swap, no generic model child, no altered bone structure, no adult makeup, no lipstick, no smoky kohl, no beauty spot, no hoop pirate earrings, no feather boa, no sexy pose, no glamour stare, no hammy villain expression, no power stance, no Pirates of the Caribbean, no Jack Sparrow, no Disney pirate, no modern clothing, no bright saturated colors, no clean digital look, no neon, no glossy CGI, no hyperrealistic skin, no cartoon, no text, no watermark, no playing card overlay.

================================================================================
2026-08-29T10:27:15.532Z
status: ok
source: IMG_5376.JPG
output: IMG_5376-v7.jpg
version: 7
backend: codex-subscription
keep_expression: false
summary: innocent expr · age ~10 · beached · sanguine red-chalk · standing between two k
duration_sec: 61.3

picks:
  location: beached
  place: among several beached fishing boats on a strand, keels in the sand
  pose: standing between two keels, looking toward the viewer
  gaze: curious direct gaze, as if she has just been called by name
  media: sanguine red-chalk drawing, cream paper, a little graphite
  costume: faded indigo sailor dress, torn pocket mended with mismatched thread, bare feet
  props: a carved pine toy boat with a paper sail, in her lap
  weather: stiff breeze, clothes and hair moving, whitecaps far out
  light: midday glare bouncing off the water onto her chin
  framing: low angle from the water or the dock, she is still a small child not a hero
  hair: same colour and hairline as the source; a single lock in her mouth
  palette: chalky pastels: grey-blue, sand, white

prompt:
HIGHEST PRIORITY — FACIAL IDENTITY: This must be unmistakably the same girl as in the input photo, aged to about ten. Preserve bone structure, jawline, cheekbones, nose shape, eye shape and spacing, ears, hairline, hair colour, skin tone, and distinctive features (freckles, dimples, gap between front teeth if present). Do NOT invent a new face, do NOT beautify into a different child, do NOT swap ethnicity. If the source looks younger than ten, age her up modestly into a 10-year-old — longer face, slightly less baby-round cheeks, still clearly a child. If she already looks around ten, keep that age. NEVER age her into a teenager or adult. AGE — ABOUT TEN YEARS OLD: A real 10-year-old girl. Child proportions: larger head relative to body, soft cheeks, small nose, no adult makeup, no adult jaw, no developed figure. She has not yet become a pirate. Innocent, open, still a child. SVARTA MALIN AS A CHILD: This is Malin before the legend — about ten, a sailor's daughter. Innocent, curious, wind in her hair. She may be aboard or ashore on the Swedish coast. Not a captain, not dangerous, not posing in a photographer's studio. INNOCENCE — NON-NEGOTIABLE: She is a child. No weapons of any kind. No flintlock, cutlass, dagger, axe, pistol, sword, hook, eyepatch, Jolly Roger, skull-and-crossbones, pirate hat, tricorn, parrot-as-pirate-prop, treasure-chest loot, rum bottle, or boarding gear. No adult sexuality, no glamour makeup, no lipstick, no smoky kohl, no beauty spot, no hoop-earring pirate jewellery, no feather boa. Nautical child clothes only — striped sailor kit, not a pirate captain's coat. A telescope is a child's brass spyglass, never a weapon. COSTUME — NAUTICAL, TATTERED CHILD: Wear the specific outfit named below. Lived-in, salt and wind, a bit tattered — not costume-shop new, not gold-braid captain finery. Never a pirate coat with epaulettes, never a sash with weapons, never a tricorn. SETTING — COASTAL CHILDHOOD, NEVER A STUDIO: Follow the named place, weather, and light. Outdoors, nautical, Swedish coast. Never a photographer's studio, never a painted backdrop curtain, never a stool in front of a cyclorama, never a garden, never a cottage porch. FACIAL EXPRESSION — INNOCENT CHILD: Soft, genuine, unguarded. A shy half-smile, a curious open look, a gap-toothed grin, quiet wonder, or a candid glance — never fierce, never commanding, never a villain smirk, never adult glamour. Same girl, child-honest. BODY & POSTURE: Follow the named pose. A child's body — unguarded, no power stance, no hip cock, no chin-up captain address. PORTRAIT CRAFT — WELL MADE: A finished commissioned portrait in the stated medium. Confident composition, careful likeness, handmade and skilled — not clumsy, not a school-play poster, not a snapshot, not a studio cyclorama. Make a well-made portrait of this girl as Svarta Malin at about ten — innocent, not yet a pirate. Portrait orientation, aspect ratio 63:88 (playing card proportions), vertical composition.

Medium: sanguine red-chalk drawing, cream paper, a little graphite. Palette: chalky pastels: grey-blue, sand, white. Framing: low angle from the water or the dock, she is still a small child not a hero. Place: among several beached fishing boats on a strand, keels in the sand. Weather: stiff breeze, clothes and hair moving, whitecaps far out. Light: midday glare bouncing off the water onto her chin. Pose: standing between two keels, looking toward the viewer. curious direct gaze, as if she has just been called by name. Hair: same colour and hairline as the source; a single lock in her mouth. Costume (nautical, a bit tattered): faded indigo sailor dress, torn pocket mended with mismatched thread, bare feet. Prop (must be visible): a carved pine toy boat with a paper sail, in her lap. No studio, no weapons, no pirate captain costume, no adult glamour. Vintage Svarta Malin portrait — weathered, nostalgic, faintly melancholic. Use the named palette. The chosen medium must read clearly and look well-made. NOT a photographer's studio, NOT CGI, NOT neon, NOT Disney, NOT a children's-book cartoon, NOT glossy digital, NOT hyperrealistic photography. No studio photograph, no photographer's backdrop, no painted kuliss curtain, no stool-and-cyclorama, no garden, no cottage, no school portrait, no pirate, no captain, no tricorn, no skull-and-crossbones, no Jolly Roger, no flintlock, no pistol, no cutlass, no sword, no dagger, no axe, no hook, no eyepatch, no parrot, no rum, no treasure chest of loot, no adult woman, no teenager, no aged-up face, no different person, no face swap, no generic model child, no altered bone structure, no adult makeup, no lipstick, no smoky kohl, no beauty spot, no hoop pirate earrings, no feather boa, no sexy pose, no glamour stare, no hammy villain expression, no power stance, no Pirates of the Caribbean, no Jack Sparrow, no Disney pirate, no modern clothing, no bright saturated colors, no clean digital look, no neon, no glossy CGI, no hyperrealistic skin, no cartoon, no text, no watermark, no playing card overlay.

================================================================================
2026-08-29T10:28:15.244Z
status: ok
source: IMG_5372.JPG
output: IMG_5372-v8.jpg
version: 8
backend: codex-subscription
keep_expression: false
summary: innocent expr · age ~10 · beached · ink line and water · standing between two k
duration_sec: 59.7

picks:
  location: beached
  place: among several beached fishing boats on a strand, keels in the sand
  pose: standing between two keels, looking toward the viewer
  gaze: curious direct gaze, as if she has just been called by name
  media: ink line and watercolor wash, skilled illustrator's portrait
  costume: checked skirt and a sailor blouse, one cuff unbuttoned and flapping
  props: a wooden bucket, empty, the rope handle in one hand
  weather: bright overcast Baltic light, no hard shadows
  light: late afternoon raking light across planks or granite
  framing: half-length, the named prop large in the foreground
  hair: same colour and hairline as the source; loose and windblown
  palette: warm gold hour: amber, brown, pale sky

prompt:
HIGHEST PRIORITY — FACIAL IDENTITY: This must be unmistakably the same girl as in the input photo, aged to about ten. Preserve bone structure, jawline, cheekbones, nose shape, eye shape and spacing, ears, hairline, hair colour, skin tone, and distinctive features (freckles, dimples, gap between front teeth if present). Do NOT invent a new face, do NOT beautify into a different child, do NOT swap ethnicity. If the source looks younger than ten, age her up modestly into a 10-year-old — longer face, slightly less baby-round cheeks, still clearly a child. If she already looks around ten, keep that age. NEVER age her into a teenager or adult. AGE — ABOUT TEN YEARS OLD: A real 10-year-old girl. Child proportions: larger head relative to body, soft cheeks, small nose, no adult makeup, no adult jaw, no developed figure. She has not yet become a pirate. Innocent, open, still a child. SVARTA MALIN AS A CHILD: This is Malin before the legend — about ten, a sailor's daughter. Innocent, curious, wind in her hair. She may be aboard or ashore on the Swedish coast. Not a captain, not dangerous, not posing in a photographer's studio. INNOCENCE — NON-NEGOTIABLE: She is a child. No weapons of any kind. No flintlock, cutlass, dagger, axe, pistol, sword, hook, eyepatch, Jolly Roger, skull-and-crossbones, pirate hat, tricorn, parrot-as-pirate-prop, treasure-chest loot, rum bottle, or boarding gear. No adult sexuality, no glamour makeup, no lipstick, no smoky kohl, no beauty spot, no hoop-earring pirate jewellery, no feather boa. Nautical child clothes only — striped sailor kit, not a pirate captain's coat. A telescope is a child's brass spyglass, never a weapon. COSTUME — NAUTICAL, TATTERED CHILD: Wear the specific outfit named below. Lived-in, salt and wind, a bit tattered — not costume-shop new, not gold-braid captain finery. Never a pirate coat with epaulettes, never a sash with weapons, never a tricorn. SETTING — COASTAL CHILDHOOD, NEVER A STUDIO: Follow the named place, weather, and light. Outdoors, nautical, Swedish coast. Never a photographer's studio, never a painted backdrop curtain, never a stool in front of a cyclorama, never a garden, never a cottage porch. FACIAL EXPRESSION — INNOCENT CHILD: Soft, genuine, unguarded. A shy half-smile, a curious open look, a gap-toothed grin, quiet wonder, or a candid glance — never fierce, never commanding, never a villain smirk, never adult glamour. Same girl, child-honest. BODY & POSTURE: Follow the named pose. A child's body — unguarded, no power stance, no hip cock, no chin-up captain address. PORTRAIT CRAFT — WELL MADE: A finished commissioned portrait in the stated medium. Confident composition, careful likeness, handmade and skilled — not clumsy, not a school-play poster, not a snapshot, not a studio cyclorama. Make a well-made portrait of this girl as Svarta Malin at about ten — innocent, not yet a pirate. Portrait orientation, aspect ratio 63:88 (playing card proportions), vertical composition.

Medium: ink line and watercolor wash, skilled illustrator's portrait. Palette: warm gold hour: amber, brown, pale sky. Framing: half-length, the named prop large in the foreground. Place: among several beached fishing boats on a strand, keels in the sand. Weather: bright overcast Baltic light, no hard shadows. Light: late afternoon raking light across planks or granite. Pose: standing between two keels, looking toward the viewer. curious direct gaze, as if she has just been called by name. Hair: same colour and hairline as the source; loose and windblown. Costume (nautical, a bit tattered): checked skirt and a sailor blouse, one cuff unbuttoned and flapping. Prop (must be visible): a wooden bucket, empty, the rope handle in one hand. No studio, no weapons, no pirate captain costume, no adult glamour. Vintage Svarta Malin portrait — weathered, nostalgic, faintly melancholic. Use the named palette. The chosen medium must read clearly and look well-made. NOT a photographer's studio, NOT CGI, NOT neon, NOT Disney, NOT a children's-book cartoon, NOT glossy digital, NOT hyperrealistic photography. No studio photograph, no photographer's backdrop, no painted kuliss curtain, no stool-and-cyclorama, no garden, no cottage, no school portrait, no pirate, no captain, no tricorn, no skull-and-crossbones, no Jolly Roger, no flintlock, no pistol, no cutlass, no sword, no dagger, no axe, no hook, no eyepatch, no parrot, no rum, no treasure chest of loot, no adult woman, no teenager, no aged-up face, no different person, no face swap, no generic model child, no altered bone structure, no adult makeup, no lipstick, no smoky kohl, no beauty spot, no hoop pirate earrings, no feather boa, no sexy pose, no glamour stare, no hammy villain expression, no power stance, no Pirates of the Caribbean, no Jack Sparrow, no Disney pirate, no modern clothing, no bright saturated colors, no clean digital look, no neon, no glossy CGI, no hyperrealistic skin, no cartoon, no text, no watermark, no playing card overlay.

================================================================================
2026-08-29T10:28:49.751Z
status: ok
source: IMG_5373.JPG
output: IMG_5373-v8.jpg
version: 8
backend: codex-subscription
keep_expression: false
summary: innocent expr · age ~10 · shore · finished watercolo · sitting on driftwood
duration_sec: 34.5

picks:
  location: shore
  place: on a pebble beach / shoreline, seaweed and driftwood, a quiet bay
  pose: sitting on driftwood, the bay opening behind her
  gaze: laughing with her mouth open, unposed
  media: finished watercolor on rag paper, transparent washes, visible paper grain
  costume: grey wool socks with holes, wooden clogs, short smock, wind at the hem
  props: a single oar taller than she is, held upright
  weather: bright overcast Baltic light, no hard shadows
  light: late afternoon raking light across planks or granite
  framing: slightly high angle, she looks up
  hair: same colour and hairline as the source; loose and windblown
  palette: faded rust, moss green, driftwood grey

prompt:
HIGHEST PRIORITY — FACIAL IDENTITY: This must be unmistakably the same girl as in the input photo, aged to about ten. Preserve bone structure, jawline, cheekbones, nose shape, eye shape and spacing, ears, hairline, hair colour, skin tone, and distinctive features (freckles, dimples, gap between front teeth if present). Do NOT invent a new face, do NOT beautify into a different child, do NOT swap ethnicity. If the source looks younger than ten, age her up modestly into a 10-year-old — longer face, slightly less baby-round cheeks, still clearly a child. If she already looks around ten, keep that age. NEVER age her into a teenager or adult. AGE — ABOUT TEN YEARS OLD: A real 10-year-old girl. Child proportions: larger head relative to body, soft cheeks, small nose, no adult makeup, no adult jaw, no developed figure. She has not yet become a pirate. Innocent, open, still a child. SVARTA MALIN AS A CHILD: This is Malin before the legend — about ten, a sailor's daughter. Innocent, curious, wind in her hair. She may be aboard or ashore on the Swedish coast. Not a captain, not dangerous, not posing in a photographer's studio. INNOCENCE — NON-NEGOTIABLE: She is a child. No weapons of any kind. No flintlock, cutlass, dagger, axe, pistol, sword, hook, eyepatch, Jolly Roger, skull-and-crossbones, pirate hat, tricorn, parrot-as-pirate-prop, treasure-chest loot, rum bottle, or boarding gear. No adult sexuality, no glamour makeup, no lipstick, no smoky kohl, no beauty spot, no hoop-earring pirate jewellery, no feather boa. Nautical child clothes only — striped sailor kit, not a pirate captain's coat. A telescope is a child's brass spyglass, never a weapon. COSTUME — NAUTICAL, TATTERED CHILD: Wear the specific outfit named below. Lived-in, salt and wind, a bit tattered — not costume-shop new, not gold-braid captain finery. Never a pirate coat with epaulettes, never a sash with weapons, never a tricorn. SETTING — COASTAL CHILDHOOD, NEVER A STUDIO: Follow the named place, weather, and light. Outdoors, nautical, Swedish coast. Never a photographer's studio, never a painted backdrop curtain, never a stool in front of a cyclorama, never a garden, never a cottage porch. FACIAL EXPRESSION — INNOCENT CHILD: Soft, genuine, unguarded. A shy half-smile, a curious open look, a gap-toothed grin, quiet wonder, or a candid glance — never fierce, never commanding, never a villain smirk, never adult glamour. Same girl, child-honest. BODY & POSTURE: Follow the named pose. A child's body — unguarded, no power stance, no hip cock, no chin-up captain address. PORTRAIT CRAFT — WELL MADE: A finished commissioned portrait in the stated medium. Confident composition, careful likeness, handmade and skilled — not clumsy, not a school-play poster, not a snapshot, not a studio cyclorama. Make a well-made portrait of this girl as Svarta Malin at about ten — innocent, not yet a pirate. Portrait orientation, aspect ratio 63:88 (playing card proportions), vertical composition.

Medium: finished watercolor on rag paper, transparent washes, visible paper grain. Palette: faded rust, moss green, driftwood grey. Framing: slightly high angle, she looks up. Place: on a pebble beach / shoreline, seaweed and driftwood, a quiet bay. Weather: bright overcast Baltic light, no hard shadows. Light: late afternoon raking light across planks or granite. Pose: sitting on driftwood, the bay opening behind her. laughing with her mouth open, unposed. Hair: same colour and hairline as the source; loose and windblown. Costume (nautical, a bit tattered): grey wool socks with holes, wooden clogs, short smock, wind at the hem. Prop (must be visible): a single oar taller than she is, held upright. No studio, no weapons, no pirate captain costume, no adult glamour. Vintage Svarta Malin portrait — weathered, nostalgic, faintly melancholic. Use the named palette. The chosen medium must read clearly and look well-made. NOT a photographer's studio, NOT CGI, NOT neon, NOT Disney, NOT a children's-book cartoon, NOT glossy digital, NOT hyperrealistic photography. No studio photograph, no photographer's backdrop, no painted kuliss curtain, no stool-and-cyclorama, no garden, no cottage, no school portrait, no pirate, no captain, no tricorn, no skull-and-crossbones, no Jolly Roger, no flintlock, no pistol, no cutlass, no sword, no dagger, no axe, no hook, no eyepatch, no parrot, no rum, no treasure chest of loot, no adult woman, no teenager, no aged-up face, no different person, no face swap, no generic model child, no altered bone structure, no adult makeup, no lipstick, no smoky kohl, no beauty spot, no hoop pirate earrings, no feather boa, no sexy pose, no glamour stare, no hammy villain expression, no power stance, no Pirates of the Caribbean, no Jack Sparrow, no Disney pirate, no modern clothing, no bright saturated colors, no clean digital look, no neon, no glossy CGI, no hyperrealistic skin, no cartoon, no text, no watermark, no playing card overlay.

================================================================================
2026-08-29T10:29:50.775Z
status: ok
source: IMG_5374.JPG
output: IMG_5374-v8.jpg
version: 8
backend: codex-subscription
keep_expression: false
summary: innocent expr · age ~10 · dock · finished watercolo · standing on the jetty
duration_sec: 61.0

picks:
  location: dock
  place: on a weathered wooden dock / jetty, pilings and still harbour water, moored boats behind
  pose: standing on the jetty, one hand on a mooring post
  gaze: serious and quiet, thinking, not sad
  media: finished watercolor on rag paper, transparent washes, visible paper grain
  costume: too-big salt-stained pea coat, striped undershirt, rope belt, hem coming down
  props: a toy dinghy tucked under one arm
  weather: bright overcast Baltic light, no hard shadows
  light: diffused cloud-light, even and kind
  framing: half-length, the named prop large in the foreground
  hair: same colour and hairline as the source; wet fringe stuck to her forehead
  palette: chalky pastels: grey-blue, sand, white

prompt:
HIGHEST PRIORITY — FACIAL IDENTITY: This must be unmistakably the same girl as in the input photo, aged to about ten. Preserve bone structure, jawline, cheekbones, nose shape, eye shape and spacing, ears, hairline, hair colour, skin tone, and distinctive features (freckles, dimples, gap between front teeth if present). Do NOT invent a new face, do NOT beautify into a different child, do NOT swap ethnicity. If the source looks younger than ten, age her up modestly into a 10-year-old — longer face, slightly less baby-round cheeks, still clearly a child. If she already looks around ten, keep that age. NEVER age her into a teenager or adult. AGE — ABOUT TEN YEARS OLD: A real 10-year-old girl. Child proportions: larger head relative to body, soft cheeks, small nose, no adult makeup, no adult jaw, no developed figure. She has not yet become a pirate. Innocent, open, still a child. SVARTA MALIN AS A CHILD: This is Malin before the legend — about ten, a sailor's daughter. Innocent, curious, wind in her hair. She may be aboard or ashore on the Swedish coast. Not a captain, not dangerous, not posing in a photographer's studio. INNOCENCE — NON-NEGOTIABLE: She is a child. No weapons of any kind. No flintlock, cutlass, dagger, axe, pistol, sword, hook, eyepatch, Jolly Roger, skull-and-crossbones, pirate hat, tricorn, parrot-as-pirate-prop, treasure-chest loot, rum bottle, or boarding gear. No adult sexuality, no glamour makeup, no lipstick, no smoky kohl, no beauty spot, no hoop-earring pirate jewellery, no feather boa. Nautical child clothes only — striped sailor kit, not a pirate captain's coat. A telescope is a child's brass spyglass, never a weapon. COSTUME — NAUTICAL, TATTERED CHILD: Wear the specific outfit named below. Lived-in, salt and wind, a bit tattered — not costume-shop new, not gold-braid captain finery. Never a pirate coat with epaulettes, never a sash with weapons, never a tricorn. SETTING — COASTAL CHILDHOOD, NEVER A STUDIO: Follow the named place, weather, and light. Outdoors, nautical, Swedish coast. Never a photographer's studio, never a painted backdrop curtain, never a stool in front of a cyclorama, never a garden, never a cottage porch. FACIAL EXPRESSION — INNOCENT CHILD: Soft, genuine, unguarded. A shy half-smile, a curious open look, a gap-toothed grin, quiet wonder, or a candid glance — never fierce, never commanding, never a villain smirk, never adult glamour. Same girl, child-honest. BODY & POSTURE: Follow the named pose. A child's body — unguarded, no power stance, no hip cock, no chin-up captain address. PORTRAIT CRAFT — WELL MADE: A finished commissioned portrait in the stated medium. Confident composition, careful likeness, handmade and skilled — not clumsy, not a school-play poster, not a snapshot, not a studio cyclorama. Make a well-made portrait of this girl as Svarta Malin at about ten — innocent, not yet a pirate. Portrait orientation, aspect ratio 63:88 (playing card proportions), vertical composition.

Medium: finished watercolor on rag paper, transparent washes, visible paper grain. Palette: chalky pastels: grey-blue, sand, white. Framing: half-length, the named prop large in the foreground. Place: on a weathered wooden dock / jetty, pilings and still harbour water, moored boats behind. Weather: bright overcast Baltic light, no hard shadows. Light: diffused cloud-light, even and kind. Pose: standing on the jetty, one hand on a mooring post. serious and quiet, thinking, not sad. Hair: same colour and hairline as the source; wet fringe stuck to her forehead. Costume (nautical, a bit tattered): too-big salt-stained pea coat, striped undershirt, rope belt, hem coming down. Prop (must be visible): a toy dinghy tucked under one arm. No studio, no weapons, no pirate captain costume, no adult glamour. Vintage Svarta Malin portrait — weathered, nostalgic, faintly melancholic. Use the named palette. The chosen medium must read clearly and look well-made. NOT a photographer's studio, NOT CGI, NOT neon, NOT Disney, NOT a children's-book cartoon, NOT glossy digital, NOT hyperrealistic photography. No studio photograph, no photographer's backdrop, no painted kuliss curtain, no stool-and-cyclorama, no garden, no cottage, no school portrait, no pirate, no captain, no tricorn, no skull-and-crossbones, no Jolly Roger, no flintlock, no pistol, no cutlass, no sword, no dagger, no axe, no hook, no eyepatch, no parrot, no rum, no treasure chest of loot, no adult woman, no teenager, no aged-up face, no different person, no face swap, no generic model child, no altered bone structure, no adult makeup, no lipstick, no smoky kohl, no beauty spot, no hoop pirate earrings, no feather boa, no sexy pose, no glamour stare, no hammy villain expression, no power stance, no Pirates of the Caribbean, no Jack Sparrow, no Disney pirate, no modern clothing, no bright saturated colors, no clean digital look, no neon, no glossy CGI, no hyperrealistic skin, no cartoon, no text, no watermark, no playing card overlay.

================================================================================
2026-08-29T10:35:32.274Z
status: ok
source: IMG_5375.JPG
output: IMG_5375-v8.jpg
version: 8
backend: codex-subscription
keep_expression: false
summary: innocent expr · age ~10 · lighthouse · Prussian-blue cyan · leaning in the open li
duration_sec: 341.5

picks:
  location: lighthouse
  place: at the foot of a whitewashed lighthouse on granite, door ajar, sea and sky huge
  pose: leaning in the open lighthouse doorway, half in shadow
  gaze: eyes almost closed against spray, smiling
  media: Prussian-blue cyanotype look, then hand-tinted cheeks and hair — still handmade, not a studio photo
  costume: a faded kerchief tied under her chin (not a pirate bandana), pea coat open
  props: a closed brass telescope held in both hands like something precious
  weather: a squall passing, a bright patch of sun on her
  light: a shaft of sun through fog, theatrical but natural
  framing: half-length, the named prop large in the foreground
  hair: same colour and hairline as the source; a single lock in her mouth
  palette: cold Prussian blue, cream, a little rust

prompt:
HIGHEST PRIORITY — FACIAL IDENTITY: This must be unmistakably the same girl as in the input photo, aged to about ten. Preserve bone structure, jawline, cheekbones, nose shape, eye shape and spacing, ears, hairline, hair colour, skin tone, and distinctive features (freckles, dimples, gap between front teeth if present). Do NOT invent a new face, do NOT beautify into a different child, do NOT swap ethnicity. If the source looks younger than ten, age her up modestly into a 10-year-old — longer face, slightly less baby-round cheeks, still clearly a child. If she already looks around ten, keep that age. NEVER age her into a teenager or adult. AGE — ABOUT TEN YEARS OLD: A real 10-year-old girl. Child proportions: larger head relative to body, soft cheeks, small nose, no adult makeup, no adult jaw, no developed figure. She has not yet become a pirate. Innocent, open, still a child. SVARTA MALIN AS A CHILD: This is Malin before the legend — about ten, a sailor's daughter. Innocent, curious, wind in her hair. She may be aboard or ashore on the Swedish coast. Not a captain, not dangerous, not posing in a photographer's studio. INNOCENCE — NON-NEGOTIABLE: She is a child. No weapons of any kind. No flintlock, cutlass, dagger, axe, pistol, sword, hook, eyepatch, Jolly Roger, skull-and-crossbones, pirate hat, tricorn, parrot-as-pirate-prop, treasure-chest loot, rum bottle, or boarding gear. No adult sexuality, no glamour makeup, no lipstick, no smoky kohl, no beauty spot, no hoop-earring pirate jewellery, no feather boa. Nautical child clothes only — striped sailor kit, not a pirate captain's coat. A telescope is a child's brass spyglass, never a weapon. COSTUME — NAUTICAL, TATTERED CHILD: Wear the specific outfit named below. Lived-in, salt and wind, a bit tattered — not costume-shop new, not gold-braid captain finery. Never a pirate coat with epaulettes, never a sash with weapons, never a tricorn. SETTING — COASTAL CHILDHOOD, NEVER A STUDIO: Follow the named place, weather, and light. Outdoors, nautical, Swedish coast. Never a photographer's studio, never a painted backdrop curtain, never a stool in front of a cyclorama, never a garden, never a cottage porch. FACIAL EXPRESSION — INNOCENT CHILD: Soft, genuine, unguarded. A shy half-smile, a curious open look, a gap-toothed grin, quiet wonder, or a candid glance — never fierce, never commanding, never a villain smirk, never adult glamour. Same girl, child-honest. BODY & POSTURE: Follow the named pose. A child's body — unguarded, no power stance, no hip cock, no chin-up captain address. PORTRAIT CRAFT — WELL MADE: A finished commissioned portrait in the stated medium. Confident composition, careful likeness, handmade and skilled — not clumsy, not a school-play poster, not a snapshot, not a studio cyclorama. Make a well-made portrait of this girl as Svarta Malin at about ten — innocent, not yet a pirate. Portrait orientation, aspect ratio 63:88 (playing card proportions), vertical composition.

Medium: Prussian-blue cyanotype look, then hand-tinted cheeks and hair — still handmade, not a studio photo. Palette: cold Prussian blue, cream, a little rust. Framing: half-length, the named prop large in the foreground. Place: at the foot of a whitewashed lighthouse on granite, door ajar, sea and sky huge. Weather: a squall passing, a bright patch of sun on her. Light: a shaft of sun through fog, theatrical but natural. Pose: leaning in the open lighthouse doorway, half in shadow. eyes almost closed against spray, smiling. Hair: same colour and hairline as the source; a single lock in her mouth. Costume (nautical, a bit tattered): a faded kerchief tied under her chin (not a pirate bandana), pea coat open. Prop (must be visible): a closed brass telescope held in both hands like something precious. No studio, no weapons, no pirate captain costume, no adult glamour. Vintage Svarta Malin portrait — weathered, nostalgic, faintly melancholic. Use the named palette. The chosen medium must read clearly and look well-made. NOT a photographer's studio, NOT CGI, NOT neon, NOT Disney, NOT a children's-book cartoon, NOT glossy digital, NOT hyperrealistic photography. No studio photograph, no photographer's backdrop, no painted kuliss curtain, no stool-and-cyclorama, no garden, no cottage, no school portrait, no pirate, no captain, no tricorn, no skull-and-crossbones, no Jolly Roger, no flintlock, no pistol, no cutlass, no sword, no dagger, no axe, no hook, no eyepatch, no parrot, no rum, no treasure chest of loot, no adult woman, no teenager, no aged-up face, no different person, no face swap, no generic model child, no altered bone structure, no adult makeup, no lipstick, no smoky kohl, no beauty spot, no hoop pirate earrings, no feather boa, no sexy pose, no glamour stare, no hammy villain expression, no power stance, no Pirates of the Caribbean, no Jack Sparrow, no Disney pirate, no modern clothing, no bright saturated colors, no clean digital look, no neon, no glossy CGI, no hyperrealistic skin, no cartoon, no text, no watermark, no playing card overlay.

================================================================================
2026-08-29T10:36:15.481Z
status: ok
source: IMG_5376.JPG
output: IMG_5376-v8.jpg
version: 8
backend: codex-subscription
keep_expression: false
summary: innocent expr · age ~10 · sandbar · soft pastel on ton · running a few steps on
duration_sec: 43.2

picks:
  location: sandbar
  place: on a sandbar at low tide, tidal pools, the mainland a dark strip
  pose: running a few steps on wet sand, looking back
  gaze: soft open look toward the viewer — unafraid, not fierce
  media: soft pastel on toned paper, chalky strokes, sea-air light
  costume: sou'wester rain hat (not a tricorn) and a dripping oilskin, hair stuck to her cheeks
  props: a folded paper boat she has just made
  weather: a squall passing, a bright patch of sun on her
  light: dusk, the sky still light, her face half shadow
  framing: she is off-centre, the sea taking half the picture
  hair: same colour and hairline as the source; salted and sticking up at the crown
  palette: near-monochrome sepia with one note of faded red

prompt:
HIGHEST PRIORITY — FACIAL IDENTITY: This must be unmistakably the same girl as in the input photo, aged to about ten. Preserve bone structure, jawline, cheekbones, nose shape, eye shape and spacing, ears, hairline, hair colour, skin tone, and distinctive features (freckles, dimples, gap between front teeth if present). Do NOT invent a new face, do NOT beautify into a different child, do NOT swap ethnicity. If the source looks younger than ten, age her up modestly into a 10-year-old — longer face, slightly less baby-round cheeks, still clearly a child. If she already looks around ten, keep that age. NEVER age her into a teenager or adult. AGE — ABOUT TEN YEARS OLD: A real 10-year-old girl. Child proportions: larger head relative to body, soft cheeks, small nose, no adult makeup, no adult jaw, no developed figure. She has not yet become a pirate. Innocent, open, still a child. SVARTA MALIN AS A CHILD: This is Malin before the legend — about ten, a sailor's daughter. Innocent, curious, wind in her hair. She may be aboard or ashore on the Swedish coast. Not a captain, not dangerous, not posing in a photographer's studio. INNOCENCE — NON-NEGOTIABLE: She is a child. No weapons of any kind. No flintlock, cutlass, dagger, axe, pistol, sword, hook, eyepatch, Jolly Roger, skull-and-crossbones, pirate hat, tricorn, parrot-as-pirate-prop, treasure-chest loot, rum bottle, or boarding gear. No adult sexuality, no glamour makeup, no lipstick, no smoky kohl, no beauty spot, no hoop-earring pirate jewellery, no feather boa. Nautical child clothes only — striped sailor kit, not a pirate captain's coat. A telescope is a child's brass spyglass, never a weapon. COSTUME — NAUTICAL, TATTERED CHILD: Wear the specific outfit named below. Lived-in, salt and wind, a bit tattered — not costume-shop new, not gold-braid captain finery. Never a pirate coat with epaulettes, never a sash with weapons, never a tricorn. SETTING — COASTAL CHILDHOOD, NEVER A STUDIO: Follow the named place, weather, and light. Outdoors, nautical, Swedish coast. Never a photographer's studio, never a painted backdrop curtain, never a stool in front of a cyclorama, never a garden, never a cottage porch. FACIAL EXPRESSION — INNOCENT CHILD: Soft, genuine, unguarded. A shy half-smile, a curious open look, a gap-toothed grin, quiet wonder, or a candid glance — never fierce, never commanding, never a villain smirk, never adult glamour. Same girl, child-honest. BODY & POSTURE: Follow the named pose. A child's body — unguarded, no power stance, no hip cock, no chin-up captain address. PORTRAIT CRAFT — WELL MADE: A finished commissioned portrait in the stated medium. Confident composition, careful likeness, handmade and skilled — not clumsy, not a school-play poster, not a snapshot, not a studio cyclorama. Make a well-made portrait of this girl as Svarta Malin at about ten — innocent, not yet a pirate. Portrait orientation, aspect ratio 63:88 (playing card proportions), vertical composition.

Medium: soft pastel on toned paper, chalky strokes, sea-air light. Palette: near-monochrome sepia with one note of faded red. Framing: she is off-centre, the sea taking half the picture. Place: on a sandbar at low tide, tidal pools, the mainland a dark strip. Weather: a squall passing, a bright patch of sun on her. Light: dusk, the sky still light, her face half shadow. Pose: running a few steps on wet sand, looking back. soft open look toward the viewer — unafraid, not fierce. Hair: same colour and hairline as the source; salted and sticking up at the crown. Costume (nautical, a bit tattered): sou'wester rain hat (not a tricorn) and a dripping oilskin, hair stuck to her cheeks. Prop (must be visible): a folded paper boat she has just made. No studio, no weapons, no pirate captain costume, no adult glamour. Vintage Svarta Malin portrait — weathered, nostalgic, faintly melancholic. Use the named palette. The chosen medium must read clearly and look well-made. NOT a photographer's studio, NOT CGI, NOT neon, NOT Disney, NOT a children's-book cartoon, NOT glossy digital, NOT hyperrealistic photography. No studio photograph, no photographer's backdrop, no painted kuliss curtain, no stool-and-cyclorama, no garden, no cottage, no school portrait, no pirate, no captain, no tricorn, no skull-and-crossbones, no Jolly Roger, no flintlock, no pistol, no cutlass, no sword, no dagger, no axe, no hook, no eyepatch, no parrot, no rum, no treasure chest of loot, no adult woman, no teenager, no aged-up face, no different person, no face swap, no generic model child, no altered bone structure, no adult makeup, no lipstick, no smoky kohl, no beauty spot, no hoop pirate earrings, no feather boa, no sexy pose, no glamour stare, no hammy villain expression, no power stance, no Pirates of the Caribbean, no Jack Sparrow, no Disney pirate, no modern clothing, no bright saturated colors, no clean digital look, no neon, no glossy CGI, no hyperrealistic skin, no cartoon, no text, no watermark, no playing card overlay.

================================================================================
2026-08-29T10:46:48.565Z
status: ok
source: IMG_5372.JPG
output: IMG_5372-v9.jpg
version: 9
backend: codex-subscription
keep_expression: true
summary: keep expr · age 12 · beached · coloured pencil on · sitting in the shade u
duration_sec: 143.2

picks:
  age: 12
  ageNote: twelve years old — older child, not a teen model, no makeup, no adult glamour
  location: beached
  place: among several beached fishing boats on a strand, keels in the sand
  pose: sitting in the shade under a beached hull
  gaze: exact same facial expression as the input photo — unchanged smile, mouth, eyes, and eyebrows
  media: coloured pencil on warm paper, layered, slightly waxy
  costume: salt-bleached sailor collar and rope-tied waist, clothes wind-worn not costume-new
  props: a folded paper boat she has just made
  weather: bright overcast Baltic light, no hard shadows
  light: low evening sun, long warm shadows, gold on the water
  framing: full-length, the child small in the landscape
  hair: same colour and hairline as the source; one messy braid
  palette: chalky pastels: grey-blue, sand, white

prompt:
HIGHEST PRIORITY — FACIAL IDENTITY: This must be unmistakably the same girl as in the input photo, aged to the named age (between 6 and 13). Preserve bone structure, jawline, cheekbones, nose shape, eye shape and spacing, ears, hairline, hair colour, skin tone, and distinctive features (freckles, dimples, gap between front teeth if present). Do NOT invent a new face, do NOT beautify into a different child, do NOT swap ethnicity. Age up or down from the source as needed to hit the named age. NEVER make her 14 or older. NEVER make her an adult. AGE — 12 YEARS OLD: twelve years old — older child, not a teen model, no makeup, no adult glamour. Child body for that age. No adult makeup, no adult jaw, no developed figure. She has not yet become a pirate. SVARTA MALIN AS A CHILD: This is Malin before the legend — a sailor's daughter at the named age. Innocent, curious. She may be aboard or ashore on the Swedish coast. Not a captain, not dangerous, not posing in a photographer's studio. INNOCENCE — NON-NEGOTIABLE: She is a child. No weapons of any kind. No flintlock, cutlass, dagger, axe, pistol, sword, hook, eyepatch, Jolly Roger, skull-and-crossbones, pirate hat, tricorn, parrot-as-pirate-prop, treasure-chest loot, rum bottle, or boarding gear. No adult sexuality, no glamour makeup, no lipstick, no smoky kohl, no beauty spot, no hoop-earring pirate jewellery, no feather boa. Nautical child clothes only — striped sailor kit, not a pirate captain's coat. A telescope is a child's brass spyglass, never a weapon. COSTUME — NAUTICAL, TATTERED CHILD: Wear the specific outfit named below. Lived-in, salt and wind, a bit tattered — not costume-shop new, not gold-braid captain finery. Never a pirate coat with epaulettes, never a sash with weapons, never a tricorn. SETTING — COASTAL CHILDHOOD, NEVER A STUDIO: Follow the named place, weather, and light. Outdoors, nautical, Swedish coast. Never a photographer's studio, never a painted backdrop curtain, never a stool in front of a cyclorama, never a garden, never a cottage porch. FACIAL EXPRESSION — PRESERVE FROM SOURCE, NON-NEGOTIABLE: Keep the exact expression from the input photo. Same smile or mouth, same eye openness, same eyebrow position, same gaze direction as far as the new pose allows. Do NOT invent a new expression. Body and setting may change; the face stays the same. BODY & POSTURE: Follow the named pose. A child's body — unguarded, no power stance, no hip cock, no chin-up captain address. PORTRAIT CRAFT — WELL MADE: A finished commissioned portrait in the stated medium. Confident composition, careful likeness, handmade and skilled — not clumsy, not a school-play poster, not a snapshot, not a studio cyclorama. Make a well-made portrait of this girl as Svarta Malin at 12 years old — innocent, not yet a pirate. Portrait orientation, aspect ratio 63:88 (playing card proportions), vertical composition.

Medium: coloured pencil on warm paper, layered, slightly waxy. Palette: chalky pastels: grey-blue, sand, white. Framing: full-length, the child small in the landscape. Place: among several beached fishing boats on a strand, keels in the sand. Weather: bright overcast Baltic light, no hard shadows. Light: low evening sun, long warm shadows, gold on the water. Pose: sitting in the shade under a beached hull. Facial expression: exact same facial expression as the input photo — unchanged smile, mouth, eyes, and eyebrows. Hair: same colour and hairline as the source; one messy braid. Costume (nautical, a bit tattered): salt-bleached sailor collar and rope-tied waist, clothes wind-worn not costume-new. Prop (must be visible): a folded paper boat she has just made. No studio, no weapons, no pirate captain costume, no adult glamour. Vintage Svarta Malin portrait — weathered, nostalgic, faintly melancholic. Use the named palette. The chosen medium must read clearly and look well-made. NOT a photographer's studio, NOT CGI, NOT neon, NOT Disney, NOT a children's-book cartoon, NOT glossy digital, NOT hyperrealistic photography. No studio photograph, no photographer's backdrop, no painted kuliss curtain, no stool-and-cyclorama, no garden, no cottage, no school portrait, no pirate, no captain, no tricorn, no skull-and-crossbones, no Jolly Roger, no flintlock, no pistol, no cutlass, no sword, no dagger, no axe, no hook, no eyepatch, no parrot, no rum, no treasure chest of loot, no adult woman, no 14-or-older teen, no aged-up adult face, no different person, no face swap, no generic model child, no altered bone structure, no adult makeup, no lipstick, no smoky kohl, no beauty spot, no hoop pirate earrings, no feather boa, no sexy pose, no glamour stare, no hammy villain expression, no new facial expression, no power stance, no Pirates of the Caribbean, no Jack Sparrow, no Disney pirate, no modern clothing, no bright saturated colors, no clean digital look, no neon, no glossy CGI, no hyperrealistic skin, no cartoon, no text, no watermark, no playing card overlay.

================================================================================
2026-08-29T10:47:47.055Z
status: ok
source: IMG_5373.JPG
output: IMG_5373-v9.jpg
version: 9
backend: codex-subscription
keep_expression: true
summary: keep expr · age 9 · slipway · woodcut with hand- · crouched on the slip
duration_sec: 58.5

picks:
  age: 9
  ageNote: nine years old — longer legs than a six-year-old, still a child, no teen features
  location: slipway
  place: on a wooden boat slipway / båtslipp, wet boards, keel-blocks, a hull nearby
  pose: crouched on the slip, looking at the water at the bottom
  gaze: exact same facial expression as the input photo — unchanged smile, mouth, eyes, and eyebrows
  media: woodcut with hand-colour, bold simplified shapes, still a likeness not a cartoon
  costume: yellowed oilskin three sizes too big, sleeves rolled, striped dress underneath
  props: a wooden bucket, empty, the rope handle in one hand
  weather: still high-summer noon, heat-haze over the water
  light: midday glare bouncing off the water onto her chin
  framing: low angle from the water or the dock, she is still a small child not a hero
  hair: same colour and hairline as the source; wet fringe stuck to her forehead
  palette: bone, tar-black, and a wash of sea-green

prompt:
HIGHEST PRIORITY — FACIAL IDENTITY: This must be unmistakably the same girl as in the input photo, aged to the named age (between 6 and 13). Preserve bone structure, jawline, cheekbones, nose shape, eye shape and spacing, ears, hairline, hair colour, skin tone, and distinctive features (freckles, dimples, gap between front teeth if present). Do NOT invent a new face, do NOT beautify into a different child, do NOT swap ethnicity. Age up or down from the source as needed to hit the named age. NEVER make her 14 or older. NEVER make her an adult. AGE — 9 YEARS OLD: nine years old — longer legs than a six-year-old, still a child, no teen features. Child body for that age. No adult makeup, no adult jaw, no developed figure. She has not yet become a pirate. SVARTA MALIN AS A CHILD: This is Malin before the legend — a sailor's daughter at the named age. Innocent, curious. She may be aboard or ashore on the Swedish coast. Not a captain, not dangerous, not posing in a photographer's studio. INNOCENCE — NON-NEGOTIABLE: She is a child. No weapons of any kind. No flintlock, cutlass, dagger, axe, pistol, sword, hook, eyepatch, Jolly Roger, skull-and-crossbones, pirate hat, tricorn, parrot-as-pirate-prop, treasure-chest loot, rum bottle, or boarding gear. No adult sexuality, no glamour makeup, no lipstick, no smoky kohl, no beauty spot, no hoop-earring pirate jewellery, no feather boa. Nautical child clothes only — striped sailor kit, not a pirate captain's coat. A telescope is a child's brass spyglass, never a weapon. COSTUME — NAUTICAL, TATTERED CHILD: Wear the specific outfit named below. Lived-in, salt and wind, a bit tattered — not costume-shop new, not gold-braid captain finery. Never a pirate coat with epaulettes, never a sash with weapons, never a tricorn. SETTING — COASTAL CHILDHOOD, NEVER A STUDIO: Follow the named place, weather, and light. Outdoors, nautical, Swedish coast. Never a photographer's studio, never a painted backdrop curtain, never a stool in front of a cyclorama, never a garden, never a cottage porch. FACIAL EXPRESSION — PRESERVE FROM SOURCE, NON-NEGOTIABLE: Keep the exact expression from the input photo. Same smile or mouth, same eye openness, same eyebrow position, same gaze direction as far as the new pose allows. Do NOT invent a new expression. Body and setting may change; the face stays the same. BODY & POSTURE: Follow the named pose. A child's body — unguarded, no power stance, no hip cock, no chin-up captain address. PORTRAIT CRAFT — WELL MADE: A finished commissioned portrait in the stated medium. Confident composition, careful likeness, handmade and skilled — not clumsy, not a school-play poster, not a snapshot, not a studio cyclorama. Make a well-made portrait of this girl as Svarta Malin at 9 years old — innocent, not yet a pirate. Portrait orientation, aspect ratio 63:88 (playing card proportions), vertical composition.

Medium: woodcut with hand-colour, bold simplified shapes, still a likeness not a cartoon. Palette: bone, tar-black, and a wash of sea-green. Framing: low angle from the water or the dock, she is still a small child not a hero. Place: on a wooden boat slipway / båtslipp, wet boards, keel-blocks, a hull nearby. Weather: still high-summer noon, heat-haze over the water. Light: midday glare bouncing off the water onto her chin. Pose: crouched on the slip, looking at the water at the bottom. Facial expression: exact same facial expression as the input photo — unchanged smile, mouth, eyes, and eyebrows. Hair: same colour and hairline as the source; wet fringe stuck to her forehead. Costume (nautical, a bit tattered): yellowed oilskin three sizes too big, sleeves rolled, striped dress underneath. Prop (must be visible): a wooden bucket, empty, the rope handle in one hand. No studio, no weapons, no pirate captain costume, no adult glamour. Vintage Svarta Malin portrait — weathered, nostalgic, faintly melancholic. Use the named palette. The chosen medium must read clearly and look well-made. NOT a photographer's studio, NOT CGI, NOT neon, NOT Disney, NOT a children's-book cartoon, NOT glossy digital, NOT hyperrealistic photography. No studio photograph, no photographer's backdrop, no painted kuliss curtain, no stool-and-cyclorama, no garden, no cottage, no school portrait, no pirate, no captain, no tricorn, no skull-and-crossbones, no Jolly Roger, no flintlock, no pistol, no cutlass, no sword, no dagger, no axe, no hook, no eyepatch, no parrot, no rum, no treasure chest of loot, no adult woman, no 14-or-older teen, no aged-up adult face, no different person, no face swap, no generic model child, no altered bone structure, no adult makeup, no lipstick, no smoky kohl, no beauty spot, no hoop pirate earrings, no feather boa, no sexy pose, no glamour stare, no hammy villain expression, no new facial expression, no power stance, no Pirates of the Caribbean, no Jack Sparrow, no Disney pirate, no modern clothing, no bright saturated colors, no clean digital look, no neon, no glossy CGI, no hyperrealistic skin, no cartoon, no text, no watermark, no playing card overlay.

================================================================================
2026-08-29T10:48:48.159Z
status: ok
source: IMG_5374.JPG
output: IMG_5374-v9.jpg
version: 9
backend: codex-subscription
keep_expression: true
summary: keep expr · age 9 · shore · antique hand-colou · sitting on driftwood
duration_sec: 61.1

picks:
  age: 9
  ageNote: nine years old — longer legs than a six-year-old, still a child, no teen features
  location: shore
  place: on a pebble beach / shoreline, seaweed and driftwood, a quiet bay
  pose: sitting on driftwood, the bay opening behind her
  gaze: exact same facial expression as the input photo — unchanged smile, mouth, eyes, and eyebrows
  media: antique hand-coloured copper engraving — fine etched line, later tinted in muted earth and sea colours
  costume: cream Guernsey knit gone out at the cuffs, rope belt, no shoes
  props: a wooden bucket, empty, the rope handle in one hand
  weather: grey chop, a little spray
  light: late afternoon raking light across planks or granite
  framing: full-length, the child small in the landscape
  hair: same colour and hairline as the source; tucked behind both ears
  palette: faded rust, moss green, driftwood grey

prompt:
HIGHEST PRIORITY — FACIAL IDENTITY: This must be unmistakably the same girl as in the input photo, aged to the named age (between 6 and 13). Preserve bone structure, jawline, cheekbones, nose shape, eye shape and spacing, ears, hairline, hair colour, skin tone, and distinctive features (freckles, dimples, gap between front teeth if present). Do NOT invent a new face, do NOT beautify into a different child, do NOT swap ethnicity. Age up or down from the source as needed to hit the named age. NEVER make her 14 or older. NEVER make her an adult. AGE — 9 YEARS OLD: nine years old — longer legs than a six-year-old, still a child, no teen features. Child body for that age. No adult makeup, no adult jaw, no developed figure. She has not yet become a pirate. SVARTA MALIN AS A CHILD: This is Malin before the legend — a sailor's daughter at the named age. Innocent, curious. She may be aboard or ashore on the Swedish coast. Not a captain, not dangerous, not posing in a photographer's studio. INNOCENCE — NON-NEGOTIABLE: She is a child. No weapons of any kind. No flintlock, cutlass, dagger, axe, pistol, sword, hook, eyepatch, Jolly Roger, skull-and-crossbones, pirate hat, tricorn, parrot-as-pirate-prop, treasure-chest loot, rum bottle, or boarding gear. No adult sexuality, no glamour makeup, no lipstick, no smoky kohl, no beauty spot, no hoop-earring pirate jewellery, no feather boa. Nautical child clothes only — striped sailor kit, not a pirate captain's coat. A telescope is a child's brass spyglass, never a weapon. COSTUME — NAUTICAL, TATTERED CHILD: Wear the specific outfit named below. Lived-in, salt and wind, a bit tattered — not costume-shop new, not gold-braid captain finery. Never a pirate coat with epaulettes, never a sash with weapons, never a tricorn. SETTING — COASTAL CHILDHOOD, NEVER A STUDIO: Follow the named place, weather, and light. Outdoors, nautical, Swedish coast. Never a photographer's studio, never a painted backdrop curtain, never a stool in front of a cyclorama, never a garden, never a cottage porch. FACIAL EXPRESSION — PRESERVE FROM SOURCE, NON-NEGOTIABLE: Keep the exact expression from the input photo. Same smile or mouth, same eye openness, same eyebrow position, same gaze direction as far as the new pose allows. Do NOT invent a new expression. Body and setting may change; the face stays the same. BODY & POSTURE: Follow the named pose. A child's body — unguarded, no power stance, no hip cock, no chin-up captain address. PORTRAIT CRAFT — WELL MADE: A finished commissioned portrait in the stated medium. Confident composition, careful likeness, handmade and skilled — not clumsy, not a school-play poster, not a snapshot, not a studio cyclorama. Make a well-made portrait of this girl as Svarta Malin at 9 years old — innocent, not yet a pirate. Portrait orientation, aspect ratio 63:88 (playing card proportions), vertical composition.

Medium: antique hand-coloured copper engraving — fine etched line, later tinted in muted earth and sea colours. Palette: faded rust, moss green, driftwood grey. Framing: full-length, the child small in the landscape. Place: on a pebble beach / shoreline, seaweed and driftwood, a quiet bay. Weather: grey chop, a little spray. Light: late afternoon raking light across planks or granite. Pose: sitting on driftwood, the bay opening behind her. Facial expression: exact same facial expression as the input photo — unchanged smile, mouth, eyes, and eyebrows. Hair: same colour and hairline as the source; tucked behind both ears. Costume (nautical, a bit tattered): cream Guernsey knit gone out at the cuffs, rope belt, no shoes. Prop (must be visible): a wooden bucket, empty, the rope handle in one hand. No studio, no weapons, no pirate captain costume, no adult glamour. Vintage Svarta Malin portrait — weathered, nostalgic, faintly melancholic. Use the named palette. The chosen medium must read clearly and look well-made. NOT a photographer's studio, NOT CGI, NOT neon, NOT Disney, NOT a children's-book cartoon, NOT glossy digital, NOT hyperrealistic photography. No studio photograph, no photographer's backdrop, no painted kuliss curtain, no stool-and-cyclorama, no garden, no cottage, no school portrait, no pirate, no captain, no tricorn, no skull-and-crossbones, no Jolly Roger, no flintlock, no pistol, no cutlass, no sword, no dagger, no axe, no hook, no eyepatch, no parrot, no rum, no treasure chest of loot, no adult woman, no 14-or-older teen, no aged-up adult face, no different person, no face swap, no generic model child, no altered bone structure, no adult makeup, no lipstick, no smoky kohl, no beauty spot, no hoop pirate earrings, no feather boa, no sexy pose, no glamour stare, no hammy villain expression, no new facial expression, no power stance, no Pirates of the Caribbean, no Jack Sparrow, no Disney pirate, no modern clothing, no bright saturated colors, no clean digital look, no neon, no glossy CGI, no hyperrealistic skin, no cartoon, no text, no watermark, no playing card overlay.

================================================================================
2026-08-29T10:49:48.293Z
status: ok
source: IMG_5375.JPG
output: IMG_5375-v9.jpg
version: 9
backend: codex-subscription
keep_expression: true
summary: keep expr · age 6 · sandbar · sepia bistre ink w · crouched over a pool
duration_sec: 60.1

picks:
  age: 6
  ageNote: six years old — round cheeks, short stature, large head relative to body, small hands, milk teeth or a gap, clearly a little child
  location: sandbar
  place: on a sandbar at low tide, tidal pools, the mainland a dark strip
  pose: crouched over a pool, reflection beside her
  gaze: exact same facial expression as the input photo — unchanged smile, mouth, eyes, and eyebrows
  media: sepia bistre ink wash drawing, warm brown monochrome, paper showing through
  costume: too-big salt-stained pea coat, striped undershirt, rope belt, hem coming down
  props: thin marline / spare line she is fidgeting into a knot
  weather: dead-calm water like glass, one gull
  light: late afternoon raking light across planks or granite
  framing: half-length, the named prop large in the foreground
  hair: same colour and hairline as the source; tucked behind both ears
  palette: ochre, umber, salt-grey, cream

prompt:
HIGHEST PRIORITY — FACIAL IDENTITY: This must be unmistakably the same girl as in the input photo, aged to the named age (between 6 and 13). Preserve bone structure, jawline, cheekbones, nose shape, eye shape and spacing, ears, hairline, hair colour, skin tone, and distinctive features (freckles, dimples, gap between front teeth if present). Do NOT invent a new face, do NOT beautify into a different child, do NOT swap ethnicity. Age up or down from the source as needed to hit the named age. NEVER make her 14 or older. NEVER make her an adult. AGE — 6 YEARS OLD: six years old — round cheeks, short stature, large head relative to body, small hands, milk teeth or a gap, clearly a little child. Child body for that age. No adult makeup, no adult jaw, no developed figure. She has not yet become a pirate. SVARTA MALIN AS A CHILD: This is Malin before the legend — a sailor's daughter at the named age. Innocent, curious. She may be aboard or ashore on the Swedish coast. Not a captain, not dangerous, not posing in a photographer's studio. INNOCENCE — NON-NEGOTIABLE: She is a child. No weapons of any kind. No flintlock, cutlass, dagger, axe, pistol, sword, hook, eyepatch, Jolly Roger, skull-and-crossbones, pirate hat, tricorn, parrot-as-pirate-prop, treasure-chest loot, rum bottle, or boarding gear. No adult sexuality, no glamour makeup, no lipstick, no smoky kohl, no beauty spot, no hoop-earring pirate jewellery, no feather boa. Nautical child clothes only — striped sailor kit, not a pirate captain's coat. A telescope is a child's brass spyglass, never a weapon. COSTUME — NAUTICAL, TATTERED CHILD: Wear the specific outfit named below. Lived-in, salt and wind, a bit tattered — not costume-shop new, not gold-braid captain finery. Never a pirate coat with epaulettes, never a sash with weapons, never a tricorn. SETTING — COASTAL CHILDHOOD, NEVER A STUDIO: Follow the named place, weather, and light. Outdoors, nautical, Swedish coast. Never a photographer's studio, never a painted backdrop curtain, never a stool in front of a cyclorama, never a garden, never a cottage porch. FACIAL EXPRESSION — PRESERVE FROM SOURCE, NON-NEGOTIABLE: Keep the exact expression from the input photo. Same smile or mouth, same eye openness, same eyebrow position, same gaze direction as far as the new pose allows. Do NOT invent a new expression. Body and setting may change; the face stays the same. BODY & POSTURE: Follow the named pose. A child's body — unguarded, no power stance, no hip cock, no chin-up captain address. PORTRAIT CRAFT — WELL MADE: A finished commissioned portrait in the stated medium. Confident composition, careful likeness, handmade and skilled — not clumsy, not a school-play poster, not a snapshot, not a studio cyclorama. Make a well-made portrait of this girl as Svarta Malin at 6 years old — innocent, not yet a pirate. Portrait orientation, aspect ratio 63:88 (playing card proportions), vertical composition.

Medium: sepia bistre ink wash drawing, warm brown monochrome, paper showing through. Palette: ochre, umber, salt-grey, cream. Framing: half-length, the named prop large in the foreground. Place: on a sandbar at low tide, tidal pools, the mainland a dark strip. Weather: dead-calm water like glass, one gull. Light: late afternoon raking light across planks or granite. Pose: crouched over a pool, reflection beside her. Facial expression: exact same facial expression as the input photo — unchanged smile, mouth, eyes, and eyebrows. Hair: same colour and hairline as the source; tucked behind both ears. Costume (nautical, a bit tattered): too-big salt-stained pea coat, striped undershirt, rope belt, hem coming down. Prop (must be visible): thin marline / spare line she is fidgeting into a knot. No studio, no weapons, no pirate captain costume, no adult glamour. Vintage Svarta Malin portrait — weathered, nostalgic, faintly melancholic. Use the named palette. The chosen medium must read clearly and look well-made. NOT a photographer's studio, NOT CGI, NOT neon, NOT Disney, NOT a children's-book cartoon, NOT glossy digital, NOT hyperrealistic photography. No studio photograph, no photographer's backdrop, no painted kuliss curtain, no stool-and-cyclorama, no garden, no cottage, no school portrait, no pirate, no captain, no tricorn, no skull-and-crossbones, no Jolly Roger, no flintlock, no pistol, no cutlass, no sword, no dagger, no axe, no hook, no eyepatch, no parrot, no rum, no treasure chest of loot, no adult woman, no 14-or-older teen, no aged-up adult face, no different person, no face swap, no generic model child, no altered bone structure, no adult makeup, no lipstick, no smoky kohl, no beauty spot, no hoop pirate earrings, no feather boa, no sexy pose, no glamour stare, no hammy villain expression, no new facial expression, no power stance, no Pirates of the Caribbean, no Jack Sparrow, no Disney pirate, no modern clothing, no bright saturated colors, no clean digital look, no neon, no glossy CGI, no hyperrealistic skin, no cartoon, no text, no watermark, no playing card overlay.

================================================================================
2026-08-29T10:50:52.557Z
status: ok
source: IMG_5376.JPG
output: IMG_5376-v9.jpg
version: 9
backend: codex-subscription
keep_expression: true
summary: keep expr · age 10 · rowboat · sepia bistre ink w · pushing the bow off th
duration_sec: 64.3

picks:
  age: 10
  ageNote: ten years old — middle childhood, no developed figure, no adult jaw
  location: rowboat
  place: in or beside a small wooden rowboat pulled up on shore or tied at a dock
  pose: pushing the bow off the pebbles, both hands on the stem
  gaze: exact same facial expression as the input photo — unchanged smile, mouth, eyes, and eyebrows
  media: sepia bistre ink wash drawing, warm brown monochrome, paper showing through
  costume: salt-bleached sailor collar and rope-tied waist, clothes wind-worn not costume-new
  props: a small brass spyglass held to one eye — a child's telescope, not a captain's
  weather: stiff breeze, clothes and hair moving, whitecaps far out
  light: midday glare bouncing off the water onto her chin
  framing: slightly high angle, she looks up
  hair: same colour and hairline as the source; a single lock in her mouth
  palette: cold Prussian blue, cream, a little rust

prompt:
HIGHEST PRIORITY — FACIAL IDENTITY: This must be unmistakably the same girl as in the input photo, aged to the named age (between 6 and 13). Preserve bone structure, jawline, cheekbones, nose shape, eye shape and spacing, ears, hairline, hair colour, skin tone, and distinctive features (freckles, dimples, gap between front teeth if present). Do NOT invent a new face, do NOT beautify into a different child, do NOT swap ethnicity. Age up or down from the source as needed to hit the named age. NEVER make her 14 or older. NEVER make her an adult. AGE — 10 YEARS OLD: ten years old — middle childhood, no developed figure, no adult jaw. Child body for that age. No adult makeup, no adult jaw, no developed figure. She has not yet become a pirate. SVARTA MALIN AS A CHILD: This is Malin before the legend — a sailor's daughter at the named age. Innocent, curious. She may be aboard or ashore on the Swedish coast. Not a captain, not dangerous, not posing in a photographer's studio. INNOCENCE — NON-NEGOTIABLE: She is a child. No weapons of any kind. No flintlock, cutlass, dagger, axe, pistol, sword, hook, eyepatch, Jolly Roger, skull-and-crossbones, pirate hat, tricorn, parrot-as-pirate-prop, treasure-chest loot, rum bottle, or boarding gear. No adult sexuality, no glamour makeup, no lipstick, no smoky kohl, no beauty spot, no hoop-earring pirate jewellery, no feather boa. Nautical child clothes only — striped sailor kit, not a pirate captain's coat. A telescope is a child's brass spyglass, never a weapon. COSTUME — NAUTICAL, TATTERED CHILD: Wear the specific outfit named below. Lived-in, salt and wind, a bit tattered — not costume-shop new, not gold-braid captain finery. Never a pirate coat with epaulettes, never a sash with weapons, never a tricorn. SETTING — COASTAL CHILDHOOD, NEVER A STUDIO: Follow the named place, weather, and light. Outdoors, nautical, Swedish coast. Never a photographer's studio, never a painted backdrop curtain, never a stool in front of a cyclorama, never a garden, never a cottage porch. FACIAL EXPRESSION — PRESERVE FROM SOURCE, NON-NEGOTIABLE: Keep the exact expression from the input photo. Same smile or mouth, same eye openness, same eyebrow position, same gaze direction as far as the new pose allows. Do NOT invent a new expression. Body and setting may change; the face stays the same. BODY & POSTURE: Follow the named pose. A child's body — unguarded, no power stance, no hip cock, no chin-up captain address. PORTRAIT CRAFT — WELL MADE: A finished commissioned portrait in the stated medium. Confident composition, careful likeness, handmade and skilled — not clumsy, not a school-play poster, not a snapshot, not a studio cyclorama. Make a well-made portrait of this girl as Svarta Malin at 10 years old — innocent, not yet a pirate. Portrait orientation, aspect ratio 63:88 (playing card proportions), vertical composition.

Medium: sepia bistre ink wash drawing, warm brown monochrome, paper showing through. Palette: cold Prussian blue, cream, a little rust. Framing: slightly high angle, she looks up. Place: in or beside a small wooden rowboat pulled up on shore or tied at a dock. Weather: stiff breeze, clothes and hair moving, whitecaps far out. Light: midday glare bouncing off the water onto her chin. Pose: pushing the bow off the pebbles, both hands on the stem. Facial expression: exact same facial expression as the input photo — unchanged smile, mouth, eyes, and eyebrows. Hair: same colour and hairline as the source; a single lock in her mouth. Costume (nautical, a bit tattered): salt-bleached sailor collar and rope-tied waist, clothes wind-worn not costume-new. Prop (must be visible): a small brass spyglass held to one eye — a child's telescope, not a captain's. No studio, no weapons, no pirate captain costume, no adult glamour. Vintage Svarta Malin portrait — weathered, nostalgic, faintly melancholic. Use the named palette. The chosen medium must read clearly and look well-made. NOT a photographer's studio, NOT CGI, NOT neon, NOT Disney, NOT a children's-book cartoon, NOT glossy digital, NOT hyperrealistic photography. No studio photograph, no photographer's backdrop, no painted kuliss curtain, no stool-and-cyclorama, no garden, no cottage, no school portrait, no pirate, no captain, no tricorn, no skull-and-crossbones, no Jolly Roger, no flintlock, no pistol, no cutlass, no sword, no dagger, no axe, no hook, no eyepatch, no parrot, no rum, no treasure chest of loot, no adult woman, no 14-or-older teen, no aged-up adult face, no different person, no face swap, no generic model child, no altered bone structure, no adult makeup, no lipstick, no smoky kohl, no beauty spot, no hoop pirate earrings, no feather boa, no sexy pose, no glamour stare, no hammy villain expression, no new facial expression, no power stance, no Pirates of the Caribbean, no Jack Sparrow, no Disney pirate, no modern clothing, no bright saturated colors, no clean digital look, no neon, no glossy CGI, no hyperrealistic skin, no cartoon, no text, no watermark, no playing card overlay.

================================================================================
2026-08-29T10:51:35.569Z
status: ok
source: IMG_5372.JPG
output: IMG_5372-v10.jpg
version: 10
backend: codex-subscription
keep_expression: true
summary: keep expr · age 6 · rowboat · soft pastel on ton · standing in the shallo
duration_sec: 43.0

picks:
  age: 6
  ageNote: six years old — round cheeks, short stature, large head relative to body, small hands, milk teeth or a gap, clearly a little child
  location: rowboat
  place: in or beside a small wooden rowboat pulled up on shore or tied at a dock
  pose: standing in the shallows beside the rowboat, one hand on the gunwale
  gaze: exact same facial expression as the input photo — unchanged smile, mouth, eyes, and eyebrows
  media: soft pastel on toned paper, chalky strokes, sea-air light
  costume: too-big salt-stained pea coat, striped undershirt, rope belt, hem coming down
  props: a small brass spyglass held to one eye — a child's telescope, not a captain's
  weather: still high-summer noon, heat-haze over the water
  light: late afternoon raking light across planks or granite
  framing: low angle from the water or the dock, she is still a small child not a hero
  hair: same colour and hairline as the source; salted and sticking up at the crown
  palette: chalky pastels: grey-blue, sand, white

prompt:
HIGHEST PRIORITY — FACIAL IDENTITY: This must be unmistakably the same girl as in the input photo, aged to the named age (between 6 and 13). Preserve bone structure, jawline, cheekbones, nose shape, eye shape and spacing, ears, hairline, hair colour, skin tone, and distinctive features (freckles, dimples, gap between front teeth if present). Do NOT invent a new face, do NOT beautify into a different child, do NOT swap ethnicity. Age up or down from the source as needed to hit the named age. NEVER make her 14 or older. NEVER make her an adult. AGE — 6 YEARS OLD: six years old — round cheeks, short stature, large head relative to body, small hands, milk teeth or a gap, clearly a little child. Child body for that age. No adult makeup, no adult jaw, no developed figure. She has not yet become a pirate. SVARTA MALIN AS A CHILD: This is Malin before the legend — a sailor's daughter at the named age. Innocent, curious. She may be aboard or ashore on the Swedish coast. Not a captain, not dangerous, not posing in a photographer's studio. INNOCENCE — NON-NEGOTIABLE: She is a child. No weapons of any kind. No flintlock, cutlass, dagger, axe, pistol, sword, hook, eyepatch, Jolly Roger, skull-and-crossbones, pirate hat, tricorn, parrot-as-pirate-prop, treasure-chest loot, rum bottle, or boarding gear. No adult sexuality, no glamour makeup, no lipstick, no smoky kohl, no beauty spot, no hoop-earring pirate jewellery, no feather boa. Nautical child clothes only — striped sailor kit, not a pirate captain's coat. A telescope is a child's brass spyglass, never a weapon. COSTUME — NAUTICAL, TATTERED CHILD: Wear the specific outfit named below. Lived-in, salt and wind, a bit tattered — not costume-shop new, not gold-braid captain finery. Never a pirate coat with epaulettes, never a sash with weapons, never a tricorn. SETTING — COASTAL CHILDHOOD, NEVER A STUDIO: Follow the named place, weather, and light. Outdoors, nautical, Swedish coast. Never a photographer's studio, never a painted backdrop curtain, never a stool in front of a cyclorama, never a garden, never a cottage porch. FACIAL EXPRESSION — PRESERVE FROM SOURCE, NON-NEGOTIABLE: Keep the exact expression from the input photo. Same smile or mouth, same eye openness, same eyebrow position, same gaze direction as far as the new pose allows. Do NOT invent a new expression. Body and setting may change; the face stays the same. BODY & POSTURE: Follow the named pose. A child's body — unguarded, no power stance, no hip cock, no chin-up captain address. PORTRAIT CRAFT — WELL MADE: A finished commissioned portrait in the stated medium. Confident composition, careful likeness, handmade and skilled — not clumsy, not a school-play poster, not a snapshot, not a studio cyclorama. Make a well-made portrait of this girl as Svarta Malin at 6 years old — innocent, not yet a pirate. Portrait orientation, aspect ratio 63:88 (playing card proportions), vertical composition.

Medium: soft pastel on toned paper, chalky strokes, sea-air light. Palette: chalky pastels: grey-blue, sand, white. Framing: low angle from the water or the dock, she is still a small child not a hero. Place: in or beside a small wooden rowboat pulled up on shore or tied at a dock. Weather: still high-summer noon, heat-haze over the water. Light: late afternoon raking light across planks or granite. Pose: standing in the shallows beside the rowboat, one hand on the gunwale. Facial expression: exact same facial expression as the input photo — unchanged smile, mouth, eyes, and eyebrows. Hair: same colour and hairline as the source; salted and sticking up at the crown. Costume (nautical, a bit tattered): too-big salt-stained pea coat, striped undershirt, rope belt, hem coming down. Prop (must be visible): a small brass spyglass held to one eye — a child's telescope, not a captain's. No studio, no weapons, no pirate captain costume, no adult glamour. Vintage Svarta Malin portrait — weathered, nostalgic, faintly melancholic. Use the named palette. The chosen medium must read clearly and look well-made. NOT a photographer's studio, NOT CGI, NOT neon, NOT Disney, NOT a children's-book cartoon, NOT glossy digital, NOT hyperrealistic photography. No studio photograph, no photographer's backdrop, no painted kuliss curtain, no stool-and-cyclorama, no garden, no cottage, no school portrait, no pirate, no captain, no tricorn, no skull-and-crossbones, no Jolly Roger, no flintlock, no pistol, no cutlass, no sword, no dagger, no axe, no hook, no eyepatch, no parrot, no rum, no treasure chest of loot, no adult woman, no 14-or-older teen, no aged-up adult face, no different person, no face swap, no generic model child, no altered bone structure, no adult makeup, no lipstick, no smoky kohl, no beauty spot, no hoop pirate earrings, no feather boa, no sexy pose, no glamour stare, no hammy villain expression, no new facial expression, no power stance, no Pirates of the Caribbean, no Jack Sparrow, no Disney pirate, no modern clothing, no bright saturated colors, no clean digital look, no neon, no glossy CGI, no hyperrealistic skin, no cartoon, no text, no watermark, no playing card overlay.

================================================================================
2026-08-29T10:52:35.141Z
status: ok
source: IMG_5373.JPG
output: IMG_5373-v10.jpg
version: 10
backend: codex-subscription
keep_expression: true
summary: keep expr · age 9 · harbour · vintage chromolith · standing by an iron mo
duration_sec: 59.6

picks:
  age: 9
  ageNote: nine years old — longer legs than a six-year-old, still a child, no teen features
  location: harbour
  place: on a stone harbour wall / quay, ladders, iron rings, fishing boats at rest
  pose: standing by an iron mooring ring, stone quay and masts behind
  gaze: exact same facial expression as the input photo — unchanged smile, mouth, eyes, and eyebrows
  media: vintage chromolithograph, cabinet-card / cigarette-card print, limited bold palette slightly faded
  costume: worn sailor kit: navy wool, cream stripe, a tear at the shoulder carefully darned
  props: a small brass spyglass held to one eye — a child's telescope, not a captain's
  weather: bright overcast Baltic light, no hard shadows
  light: a shaft of sun through fog, theatrical but natural
  framing: almost profile, the place opening behind her ear
  hair: same colour and hairline as the source; tucked behind both ears
  palette: bone, tar-black, and a wash of sea-green

prompt:
HIGHEST PRIORITY — FACIAL IDENTITY: This must be unmistakably the same girl as in the input photo, aged to the named age (between 6 and 13). Preserve bone structure, jawline, cheekbones, nose shape, eye shape and spacing, ears, hairline, hair colour, skin tone, and distinctive features (freckles, dimples, gap between front teeth if present). Do NOT invent a new face, do NOT beautify into a different child, do NOT swap ethnicity. Age up or down from the source as needed to hit the named age. NEVER make her 14 or older. NEVER make her an adult. AGE — 9 YEARS OLD: nine years old — longer legs than a six-year-old, still a child, no teen features. Child body for that age. No adult makeup, no adult jaw, no developed figure. She has not yet become a pirate. SVARTA MALIN AS A CHILD: This is Malin before the legend — a sailor's daughter at the named age. Innocent, curious. She may be aboard or ashore on the Swedish coast. Not a captain, not dangerous, not posing in a photographer's studio. INNOCENCE — NON-NEGOTIABLE: She is a child. No weapons of any kind. No flintlock, cutlass, dagger, axe, pistol, sword, hook, eyepatch, Jolly Roger, skull-and-crossbones, pirate hat, tricorn, parrot-as-pirate-prop, treasure-chest loot, rum bottle, or boarding gear. No adult sexuality, no glamour makeup, no lipstick, no smoky kohl, no beauty spot, no hoop-earring pirate jewellery, no feather boa. Nautical child clothes only — striped sailor kit, not a pirate captain's coat. A telescope is a child's brass spyglass, never a weapon. COSTUME — NAUTICAL, TATTERED CHILD: Wear the specific outfit named below. Lived-in, salt and wind, a bit tattered — not costume-shop new, not gold-braid captain finery. Never a pirate coat with epaulettes, never a sash with weapons, never a tricorn. SETTING — COASTAL CHILDHOOD, NEVER A STUDIO: Follow the named place, weather, and light. Outdoors, nautical, Swedish coast. Never a photographer's studio, never a painted backdrop curtain, never a stool in front of a cyclorama, never a garden, never a cottage porch. FACIAL EXPRESSION — PRESERVE FROM SOURCE, NON-NEGOTIABLE: Keep the exact expression from the input photo. Same smile or mouth, same eye openness, same eyebrow position, same gaze direction as far as the new pose allows. Do NOT invent a new expression. Body and setting may change; the face stays the same. BODY & POSTURE: Follow the named pose. A child's body — unguarded, no power stance, no hip cock, no chin-up captain address. PORTRAIT CRAFT — WELL MADE: A finished commissioned portrait in the stated medium. Confident composition, careful likeness, handmade and skilled — not clumsy, not a school-play poster, not a snapshot, not a studio cyclorama. Make a well-made portrait of this girl as Svarta Malin at 9 years old — innocent, not yet a pirate. Portrait orientation, aspect ratio 63:88 (playing card proportions), vertical composition.

Medium: vintage chromolithograph, cabinet-card / cigarette-card print, limited bold palette slightly faded. Palette: bone, tar-black, and a wash of sea-green. Framing: almost profile, the place opening behind her ear. Place: on a stone harbour wall / quay, ladders, iron rings, fishing boats at rest. Weather: bright overcast Baltic light, no hard shadows. Light: a shaft of sun through fog, theatrical but natural. Pose: standing by an iron mooring ring, stone quay and masts behind. Facial expression: exact same facial expression as the input photo — unchanged smile, mouth, eyes, and eyebrows. Hair: same colour and hairline as the source; tucked behind both ears. Costume (nautical, a bit tattered): worn sailor kit: navy wool, cream stripe, a tear at the shoulder carefully darned. Prop (must be visible): a small brass spyglass held to one eye — a child's telescope, not a captain's. No studio, no weapons, no pirate captain costume, no adult glamour. Vintage Svarta Malin portrait — weathered, nostalgic, faintly melancholic. Use the named palette. The chosen medium must read clearly and look well-made. NOT a photographer's studio, NOT CGI, NOT neon, NOT Disney, NOT a children's-book cartoon, NOT glossy digital, NOT hyperrealistic photography. No studio photograph, no photographer's backdrop, no painted kuliss curtain, no stool-and-cyclorama, no garden, no cottage, no school portrait, no pirate, no captain, no tricorn, no skull-and-crossbones, no Jolly Roger, no flintlock, no pistol, no cutlass, no sword, no dagger, no axe, no hook, no eyepatch, no parrot, no rum, no treasure chest of loot, no adult woman, no 14-or-older teen, no aged-up adult face, no different person, no face swap, no generic model child, no altered bone structure, no adult makeup, no lipstick, no smoky kohl, no beauty spot, no hoop pirate earrings, no feather boa, no sexy pose, no glamour stare, no hammy villain expression, no new facial expression, no power stance, no Pirates of the Caribbean, no Jack Sparrow, no Disney pirate, no modern clothing, no bright saturated colors, no clean digital look, no neon, no glossy CGI, no hyperrealistic skin, no cartoon, no text, no watermark, no playing card overlay.

================================================================================
2026-08-29T10:53:08.550Z
status: ok
source: IMG_5374.JPG
output: IMG_5374-v10.jpg
version: 10
backend: codex-subscription
keep_expression: true
summary: keep expr · age 12 · harbour · pencil underdrawin · leaning over the quay 
duration_sec: 33.4

picks:
  age: 12
  ageNote: twelve years old — older child, not a teen model, no makeup, no adult glamour
  location: harbour
  place: on a stone harbour wall / quay, ladders, iron rings, fishing boats at rest
  pose: leaning over the quay edge, curious, not commanding
  gaze: exact same facial expression as the input photo — unchanged smile, mouth, eyes, and eyebrows
  media: pencil underdrawing with watercolor, Sargent-like wet paper, careful child likeness
  costume: too-big salt-stained pea coat, striped undershirt, rope belt, hem coming down
  props: a cork fishing float on a bit of net, in her palms
  weather: grey chop, a little spray
  light: cold morning light from the east, pale
  framing: almost profile, the place opening behind her ear
  hair: same colour and hairline as the source; salted and sticking up at the crown
  palette: near-monochrome sepia with one note of faded red

prompt:
HIGHEST PRIORITY — FACIAL IDENTITY: This must be unmistakably the same girl as in the input photo, aged to the named age (between 6 and 13). Preserve bone structure, jawline, cheekbones, nose shape, eye shape and spacing, ears, hairline, hair colour, skin tone, and distinctive features (freckles, dimples, gap between front teeth if present). Do NOT invent a new face, do NOT beautify into a different child, do NOT swap ethnicity. Age up or down from the source as needed to hit the named age. NEVER make her 14 or older. NEVER make her an adult. AGE — 12 YEARS OLD: twelve years old — older child, not a teen model, no makeup, no adult glamour. Child body for that age. No adult makeup, no adult jaw, no developed figure. She has not yet become a pirate. SVARTA MALIN AS A CHILD: This is Malin before the legend — a sailor's daughter at the named age. Innocent, curious. She may be aboard or ashore on the Swedish coast. Not a captain, not dangerous, not posing in a photographer's studio. INNOCENCE — NON-NEGOTIABLE: She is a child. No weapons of any kind. No flintlock, cutlass, dagger, axe, pistol, sword, hook, eyepatch, Jolly Roger, skull-and-crossbones, pirate hat, tricorn, parrot-as-pirate-prop, treasure-chest loot, rum bottle, or boarding gear. No adult sexuality, no glamour makeup, no lipstick, no smoky kohl, no beauty spot, no hoop-earring pirate jewellery, no feather boa. Nautical child clothes only — striped sailor kit, not a pirate captain's coat. A telescope is a child's brass spyglass, never a weapon. COSTUME — NAUTICAL, TATTERED CHILD: Wear the specific outfit named below. Lived-in, salt and wind, a bit tattered — not costume-shop new, not gold-braid captain finery. Never a pirate coat with epaulettes, never a sash with weapons, never a tricorn. SETTING — COASTAL CHILDHOOD, NEVER A STUDIO: Follow the named place, weather, and light. Outdoors, nautical, Swedish coast. Never a photographer's studio, never a painted backdrop curtain, never a stool in front of a cyclorama, never a garden, never a cottage porch. FACIAL EXPRESSION — PRESERVE FROM SOURCE, NON-NEGOTIABLE: Keep the exact expression from the input photo. Same smile or mouth, same eye openness, same eyebrow position, same gaze direction as far as the new pose allows. Do NOT invent a new expression. Body and setting may change; the face stays the same. BODY & POSTURE: Follow the named pose. A child's body — unguarded, no power stance, no hip cock, no chin-up captain address. PORTRAIT CRAFT — WELL MADE: A finished commissioned portrait in the stated medium. Confident composition, careful likeness, handmade and skilled — not clumsy, not a school-play poster, not a snapshot, not a studio cyclorama. Make a well-made portrait of this girl as Svarta Malin at 12 years old — innocent, not yet a pirate. Portrait orientation, aspect ratio 63:88 (playing card proportions), vertical composition.

Medium: pencil underdrawing with watercolor, Sargent-like wet paper, careful child likeness. Palette: near-monochrome sepia with one note of faded red. Framing: almost profile, the place opening behind her ear. Place: on a stone harbour wall / quay, ladders, iron rings, fishing boats at rest. Weather: grey chop, a little spray. Light: cold morning light from the east, pale. Pose: leaning over the quay edge, curious, not commanding. Facial expression: exact same facial expression as the input photo — unchanged smile, mouth, eyes, and eyebrows. Hair: same colour and hairline as the source; salted and sticking up at the crown. Costume (nautical, a bit tattered): too-big salt-stained pea coat, striped undershirt, rope belt, hem coming down. Prop (must be visible): a cork fishing float on a bit of net, in her palms. No studio, no weapons, no pirate captain costume, no adult glamour. Vintage Svarta Malin portrait — weathered, nostalgic, faintly melancholic. Use the named palette. The chosen medium must read clearly and look well-made. NOT a photographer's studio, NOT CGI, NOT neon, NOT Disney, NOT a children's-book cartoon, NOT glossy digital, NOT hyperrealistic photography. No studio photograph, no photographer's backdrop, no painted kuliss curtain, no stool-and-cyclorama, no garden, no cottage, no school portrait, no pirate, no captain, no tricorn, no skull-and-crossbones, no Jolly Roger, no flintlock, no pistol, no cutlass, no sword, no dagger, no axe, no hook, no eyepatch, no parrot, no rum, no treasure chest of loot, no adult woman, no 14-or-older teen, no aged-up adult face, no different person, no face swap, no generic model child, no altered bone structure, no adult makeup, no lipstick, no smoky kohl, no beauty spot, no hoop pirate earrings, no feather boa, no sexy pose, no glamour stare, no hammy villain expression, no new facial expression, no power stance, no Pirates of the Caribbean, no Jack Sparrow, no Disney pirate, no modern clothing, no bright saturated colors, no clean digital look, no neon, no glossy CGI, no hyperrealistic skin, no cartoon, no text, no watermark, no playing card overlay.

================================================================================
2026-08-29T10:54:14.911Z
status: ok
source: IMG_5375.JPG
output: IMG_5375-v10.jpg
version: 10
backend: codex-subscription
keep_expression: true
summary: keep expr · age 7 · reeds · egg tempera on ges · standing among reeds
duration_sec: 66.4

picks:
  age: 7
  ageNote: seven years old — still very small, slightly less baby-round, child proportions, skinny limbs
  location: reeds
  place: in tall reeds at a sheltered inlet, water glinting between the stems
  pose: standing among reeds, only her upper half visible
  gaze: exact same facial expression as the input photo — unchanged smile, mouth, eyes, and eyebrows
  media: egg tempera on gesso panel, matte, small careful strokes
  costume: wide-striped Breton jumper gone thin at the elbows, patched skirt, scuffed deck shoes
  props: sitting against a coil of dock rope, one strand in her fingers
  weather: dead-calm water like glass, one gull
  light: midday glare bouncing off the water onto her chin
  framing: close three-quarter, face large in the frame
  hair: same colour and hairline as the source; wet fringe stuck to her forehead
  palette: cold Prussian blue, cream, a little rust

prompt:
HIGHEST PRIORITY — FACIAL IDENTITY: This must be unmistakably the same girl as in the input photo, aged to the named age (between 6 and 13). Preserve bone structure, jawline, cheekbones, nose shape, eye shape and spacing, ears, hairline, hair colour, skin tone, and distinctive features (freckles, dimples, gap between front teeth if present). Do NOT invent a new face, do NOT beautify into a different child, do NOT swap ethnicity. Age up or down from the source as needed to hit the named age. NEVER make her 14 or older. NEVER make her an adult. AGE — 7 YEARS OLD: seven years old — still very small, slightly less baby-round, child proportions, skinny limbs. Child body for that age. No adult makeup, no adult jaw, no developed figure. She has not yet become a pirate. SVARTA MALIN AS A CHILD: This is Malin before the legend — a sailor's daughter at the named age. Innocent, curious. She may be aboard or ashore on the Swedish coast. Not a captain, not dangerous, not posing in a photographer's studio. INNOCENCE — NON-NEGOTIABLE: She is a child. No weapons of any kind. No flintlock, cutlass, dagger, axe, pistol, sword, hook, eyepatch, Jolly Roger, skull-and-crossbones, pirate hat, tricorn, parrot-as-pirate-prop, treasure-chest loot, rum bottle, or boarding gear. No adult sexuality, no glamour makeup, no lipstick, no smoky kohl, no beauty spot, no hoop-earring pirate jewellery, no feather boa. Nautical child clothes only — striped sailor kit, not a pirate captain's coat. A telescope is a child's brass spyglass, never a weapon. COSTUME — NAUTICAL, TATTERED CHILD: Wear the specific outfit named below. Lived-in, salt and wind, a bit tattered — not costume-shop new, not gold-braid captain finery. Never a pirate coat with epaulettes, never a sash with weapons, never a tricorn. SETTING — COASTAL CHILDHOOD, NEVER A STUDIO: Follow the named place, weather, and light. Outdoors, nautical, Swedish coast. Never a photographer's studio, never a painted backdrop curtain, never a stool in front of a cyclorama, never a garden, never a cottage porch. FACIAL EXPRESSION — PRESERVE FROM SOURCE, NON-NEGOTIABLE: Keep the exact expression from the input photo. Same smile or mouth, same eye openness, same eyebrow position, same gaze direction as far as the new pose allows. Do NOT invent a new expression. Body and setting may change; the face stays the same. BODY & POSTURE: Follow the named pose. A child's body — unguarded, no power stance, no hip cock, no chin-up captain address. PORTRAIT CRAFT — WELL MADE: A finished commissioned portrait in the stated medium. Confident composition, careful likeness, handmade and skilled — not clumsy, not a school-play poster, not a snapshot, not a studio cyclorama. Make a well-made portrait of this girl as Svarta Malin at 7 years old — innocent, not yet a pirate. Portrait orientation, aspect ratio 63:88 (playing card proportions), vertical composition.

Medium: egg tempera on gesso panel, matte, small careful strokes. Palette: cold Prussian blue, cream, a little rust. Framing: close three-quarter, face large in the frame. Place: in tall reeds at a sheltered inlet, water glinting between the stems. Weather: dead-calm water like glass, one gull. Light: midday glare bouncing off the water onto her chin. Pose: standing among reeds, only her upper half visible. Facial expression: exact same facial expression as the input photo — unchanged smile, mouth, eyes, and eyebrows. Hair: same colour and hairline as the source; wet fringe stuck to her forehead. Costume (nautical, a bit tattered): wide-striped Breton jumper gone thin at the elbows, patched skirt, scuffed deck shoes. Prop (must be visible): sitting against a coil of dock rope, one strand in her fingers. No studio, no weapons, no pirate captain costume, no adult glamour. Vintage Svarta Malin portrait — weathered, nostalgic, faintly melancholic. Use the named palette. The chosen medium must read clearly and look well-made. NOT a photographer's studio, NOT CGI, NOT neon, NOT Disney, NOT a children's-book cartoon, NOT glossy digital, NOT hyperrealistic photography. No studio photograph, no photographer's backdrop, no painted kuliss curtain, no stool-and-cyclorama, no garden, no cottage, no school portrait, no pirate, no captain, no tricorn, no skull-and-crossbones, no Jolly Roger, no flintlock, no pistol, no cutlass, no sword, no dagger, no axe, no hook, no eyepatch, no parrot, no rum, no treasure chest of loot, no adult woman, no 14-or-older teen, no aged-up adult face, no different person, no face swap, no generic model child, no altered bone structure, no adult makeup, no lipstick, no smoky kohl, no beauty spot, no hoop pirate earrings, no feather boa, no sexy pose, no glamour stare, no hammy villain expression, no new facial expression, no power stance, no Pirates of the Caribbean, no Jack Sparrow, no Disney pirate, no modern clothing, no bright saturated colors, no clean digital look, no neon, no glossy CGI, no hyperrealistic skin, no cartoon, no text, no watermark, no playing card overlay.

================================================================================
2026-08-29T10:55:14.990Z
status: ok
source: IMG_5376.JPG
output: IMG_5376-v10.jpg
version: 10
backend: codex-subscription
keep_expression: true
summary: keep expr · age 10 · rock · soft pastel on ton · perched on a cliff-edg
duration_sec: 60.1

picks:
  age: 10
  ageNote: ten years old — middle childhood, no developed figure, no adult jaw
  location: rock
  place: on a granite rock by the water, Swedish skerries, waves at the foot of the stone
  pose: perched on a cliff-edge rock, water far below, not dangerous-looking
  gaze: exact same facial expression as the input photo — unchanged smile, mouth, eyes, and eyebrows
  media: soft pastel on toned paper, chalky strokes, sea-air light
  costume: checked skirt and a sailor blouse, one cuff unbuttoned and flapping
  props: a spyglass tucked under her arm, looking toward the horizon without using it
  weather: grey chop, a little spray
  light: low evening sun, long warm shadows, gold on the water
  framing: slightly high angle, she looks up
  hair: same colour and hairline as the source; one messy braid
  palette: limited green, orange, cream — slightly faded print colours

prompt:
HIGHEST PRIORITY — FACIAL IDENTITY: This must be unmistakably the same girl as in the input photo, aged to the named age (between 6 and 13). Preserve bone structure, jawline, cheekbones, nose shape, eye shape and spacing, ears, hairline, hair colour, skin tone, and distinctive features (freckles, dimples, gap between front teeth if present). Do NOT invent a new face, do NOT beautify into a different child, do NOT swap ethnicity. Age up or down from the source as needed to hit the named age. NEVER make her 14 or older. NEVER make her an adult. AGE — 10 YEARS OLD: ten years old — middle childhood, no developed figure, no adult jaw. Child body for that age. No adult makeup, no adult jaw, no developed figure. She has not yet become a pirate. SVARTA MALIN AS A CHILD: This is Malin before the legend — a sailor's daughter at the named age. Innocent, curious. She may be aboard or ashore on the Swedish coast. Not a captain, not dangerous, not posing in a photographer's studio. INNOCENCE — NON-NEGOTIABLE: She is a child. No weapons of any kind. No flintlock, cutlass, dagger, axe, pistol, sword, hook, eyepatch, Jolly Roger, skull-and-crossbones, pirate hat, tricorn, parrot-as-pirate-prop, treasure-chest loot, rum bottle, or boarding gear. No adult sexuality, no glamour makeup, no lipstick, no smoky kohl, no beauty spot, no hoop-earring pirate jewellery, no feather boa. Nautical child clothes only — striped sailor kit, not a pirate captain's coat. A telescope is a child's brass spyglass, never a weapon. COSTUME — NAUTICAL, TATTERED CHILD: Wear the specific outfit named below. Lived-in, salt and wind, a bit tattered — not costume-shop new, not gold-braid captain finery. Never a pirate coat with epaulettes, never a sash with weapons, never a tricorn. SETTING — COASTAL CHILDHOOD, NEVER A STUDIO: Follow the named place, weather, and light. Outdoors, nautical, Swedish coast. Never a photographer's studio, never a painted backdrop curtain, never a stool in front of a cyclorama, never a garden, never a cottage porch. FACIAL EXPRESSION — PRESERVE FROM SOURCE, NON-NEGOTIABLE: Keep the exact expression from the input photo. Same smile or mouth, same eye openness, same eyebrow position, same gaze direction as far as the new pose allows. Do NOT invent a new expression. Body and setting may change; the face stays the same. BODY & POSTURE: Follow the named pose. A child's body — unguarded, no power stance, no hip cock, no chin-up captain address. PORTRAIT CRAFT — WELL MADE: A finished commissioned portrait in the stated medium. Confident composition, careful likeness, handmade and skilled — not clumsy, not a school-play poster, not a snapshot, not a studio cyclorama. Make a well-made portrait of this girl as Svarta Malin at 10 years old — innocent, not yet a pirate. Portrait orientation, aspect ratio 63:88 (playing card proportions), vertical composition.

Medium: soft pastel on toned paper, chalky strokes, sea-air light. Palette: limited green, orange, cream — slightly faded print colours. Framing: slightly high angle, she looks up. Place: on a granite rock by the water, Swedish skerries, waves at the foot of the stone. Weather: grey chop, a little spray. Light: low evening sun, long warm shadows, gold on the water. Pose: perched on a cliff-edge rock, water far below, not dangerous-looking. Facial expression: exact same facial expression as the input photo — unchanged smile, mouth, eyes, and eyebrows. Hair: same colour and hairline as the source; one messy braid. Costume (nautical, a bit tattered): checked skirt and a sailor blouse, one cuff unbuttoned and flapping. Prop (must be visible): a spyglass tucked under her arm, looking toward the horizon without using it. No studio, no weapons, no pirate captain costume, no adult glamour. Vintage Svarta Malin portrait — weathered, nostalgic, faintly melancholic. Use the named palette. The chosen medium must read clearly and look well-made. NOT a photographer's studio, NOT CGI, NOT neon, NOT Disney, NOT a children's-book cartoon, NOT glossy digital, NOT hyperrealistic photography. No studio photograph, no photographer's backdrop, no painted kuliss curtain, no stool-and-cyclorama, no garden, no cottage, no school portrait, no pirate, no captain, no tricorn, no skull-and-crossbones, no Jolly Roger, no flintlock, no pistol, no cutlass, no sword, no dagger, no axe, no hook, no eyepatch, no parrot, no rum, no treasure chest of loot, no adult woman, no 14-or-older teen, no aged-up adult face, no different person, no face swap, no generic model child, no altered bone structure, no adult makeup, no lipstick, no smoky kohl, no beauty spot, no hoop pirate earrings, no feather boa, no sexy pose, no glamour stare, no hammy villain expression, no new facial expression, no power stance, no Pirates of the Caribbean, no Jack Sparrow, no Disney pirate, no modern clothing, no bright saturated colors, no clean digital look, no neon, no glossy CGI, no hyperrealistic skin, no cartoon, no text, no watermark, no playing card overlay.

================================================================================
2026-08-29T10:56:14.232Z
status: ok
source: IMG_5372.JPG
output: IMG_5372-v11.jpg
version: 11
backend: codex-subscription
keep_expression: true
summary: keep expr · age 13 · ship · oil sketch on canv · standing in the bow
duration_sec: 59.2

picks:
  age: 13
  ageNote: thirteen years old — oldest in this range, still a child not 14+, no developed figure, no adult jaw
  location: ship
  place: on the deck of a wooden sailing ship — rail, mast, shrouds, canvas, sea beyond
  pose: standing in the bow, small against the bowsprit and stays
  gaze: exact same facial expression as the input photo — unchanged smile, mouth, eyes, and eyebrows
  media: oil sketch on canvas, alla prima, visible brush, unfinished edges around a finished face
  costume: oversized striped shirt as a dress, knotted at the side, tattered hem, tar stain on the sleeve
  props: a wooden bucket, empty, the rope handle in one hand
  weather: bright overcast Baltic light, no hard shadows
  light: backlit, hair a bright edge, face in open shade
  framing: full-length, the child small in the landscape
  hair: same colour and hairline as the source; tucked behind both ears
  palette: ochre, umber, salt-grey, cream

prompt:
HIGHEST PRIORITY — FACIAL IDENTITY: This must be unmistakably the same girl as in the input photo, aged to the named age (between 6 and 13). Preserve bone structure, jawline, cheekbones, nose shape, eye shape and spacing, ears, hairline, hair colour, skin tone, and distinctive features (freckles, dimples, gap between front teeth if present). Do NOT invent a new face, do NOT beautify into a different child, do NOT swap ethnicity. Age up or down from the source as needed to hit the named age. NEVER make her 14 or older. NEVER make her an adult. AGE — 13 YEARS OLD: thirteen years old — oldest in this range, still a child not 14+, no developed figure, no adult jaw. Child body for that age. No adult makeup, no adult jaw, no developed figure. She has not yet become a pirate. SVARTA MALIN AS A CHILD: This is Malin before the legend — a sailor's daughter at the named age. Innocent, curious. She may be aboard or ashore on the Swedish coast. Not a captain, not dangerous, not posing in a photographer's studio. INNOCENCE — NON-NEGOTIABLE: She is a child. No weapons of any kind. No flintlock, cutlass, dagger, axe, pistol, sword, hook, eyepatch, Jolly Roger, skull-and-crossbones, pirate hat, tricorn, parrot-as-pirate-prop, treasure-chest loot, rum bottle, or boarding gear. No adult sexuality, no glamour makeup, no lipstick, no smoky kohl, no beauty spot, no hoop-earring pirate jewellery, no feather boa. Nautical child clothes only — striped sailor kit, not a pirate captain's coat. A telescope is a child's brass spyglass, never a weapon. COSTUME — NAUTICAL, TATTERED CHILD: Wear the specific outfit named below. Lived-in, salt and wind, a bit tattered — not costume-shop new, not gold-braid captain finery. Never a pirate coat with epaulettes, never a sash with weapons, never a tricorn. SETTING — COASTAL CHILDHOOD, NEVER A STUDIO: Follow the named place, weather, and light. Outdoors, nautical, Swedish coast. Never a photographer's studio, never a painted backdrop curtain, never a stool in front of a cyclorama, never a garden, never a cottage porch. FACIAL EXPRESSION — PRESERVE FROM SOURCE, NON-NEGOTIABLE: Keep the exact expression from the input photo. Same smile or mouth, same eye openness, same eyebrow position, same gaze direction as far as the new pose allows. Do NOT invent a new expression. Body and setting may change; the face stays the same. BODY & POSTURE: Follow the named pose. A child's body — unguarded, no power stance, no hip cock, no chin-up captain address. PORTRAIT CRAFT — WELL MADE: A finished commissioned portrait in the stated medium. Confident composition, careful likeness, handmade and skilled — not clumsy, not a school-play poster, not a snapshot, not a studio cyclorama. Make a well-made portrait of this girl as Svarta Malin at 13 years old — innocent, not yet a pirate. Portrait orientation, aspect ratio 63:88 (playing card proportions), vertical composition.

Medium: oil sketch on canvas, alla prima, visible brush, unfinished edges around a finished face. Palette: ochre, umber, salt-grey, cream. Framing: full-length, the child small in the landscape. Place: on the deck of a wooden sailing ship — rail, mast, shrouds, canvas, sea beyond. Weather: bright overcast Baltic light, no hard shadows. Light: backlit, hair a bright edge, face in open shade. Pose: standing in the bow, small against the bowsprit and stays. Facial expression: exact same facial expression as the input photo — unchanged smile, mouth, eyes, and eyebrows. Hair: same colour and hairline as the source; tucked behind both ears. Costume (nautical, a bit tattered): oversized striped shirt as a dress, knotted at the side, tattered hem, tar stain on the sleeve. Prop (must be visible): a wooden bucket, empty, the rope handle in one hand. No studio, no weapons, no pirate captain costume, no adult glamour. Vintage Svarta Malin portrait — weathered, nostalgic, faintly melancholic. Use the named palette. The chosen medium must read clearly and look well-made. NOT a photographer's studio, NOT CGI, NOT neon, NOT Disney, NOT a children's-book cartoon, NOT glossy digital, NOT hyperrealistic photography. No studio photograph, no photographer's backdrop, no painted kuliss curtain, no stool-and-cyclorama, no garden, no cottage, no school portrait, no pirate, no captain, no tricorn, no skull-and-crossbones, no Jolly Roger, no flintlock, no pistol, no cutlass, no sword, no dagger, no axe, no hook, no eyepatch, no parrot, no rum, no treasure chest of loot, no adult woman, no 14-or-older teen, no aged-up adult face, no different person, no face swap, no generic model child, no altered bone structure, no adult makeup, no lipstick, no smoky kohl, no beauty spot, no hoop pirate earrings, no feather boa, no sexy pose, no glamour stare, no hammy villain expression, no new facial expression, no power stance, no Pirates of the Caribbean, no Jack Sparrow, no Disney pirate, no modern clothing, no bright saturated colors, no clean digital look, no neon, no glossy CGI, no hyperrealistic skin, no cartoon, no text, no watermark, no playing card overlay.

================================================================================
2026-08-29T10:57:12.402Z
status: ok
source: IMG_5373.JPG
output: IMG_5373-v11.jpg
version: 11
backend: codex-subscription
keep_expression: true
summary: keep expr · age 13 · harbour · Prussian-blue cyan · sitting on a stone bol
duration_sec: 58.2

picks:
  age: 13
  ageNote: thirteen years old — oldest in this range, still a child not 14+, no developed figure, no adult jaw
  location: harbour
  place: on a stone harbour wall / quay, ladders, iron rings, fishing boats at rest
  pose: sitting on a stone bollard, swinging one foot
  gaze: exact same facial expression as the input photo — unchanged smile, mouth, eyes, and eyebrows
  media: Prussian-blue cyanotype look, then hand-tinted cheeks and hair — still handmade, not a studio photo
  costume: patched canvas dungarees over a striped vest, one strap unbuttoned
  props: a small brass spyglass held to one eye — a child's telescope, not a captain's
  weather: sea fog, masts and rocks half-lost, soft edges
  light: a shaft of sun through fog, theatrical but natural
  framing: cropped at the knees, wind filling the rest of the frame
  hair: same colour and hairline as the source; one messy braid
  palette: cold Prussian blue, cream, a little rust

prompt:
HIGHEST PRIORITY — FACIAL IDENTITY: This must be unmistakably the same girl as in the input photo, aged to the named age (between 6 and 13). Preserve bone structure, jawline, cheekbones, nose shape, eye shape and spacing, ears, hairline, hair colour, skin tone, and distinctive features (freckles, dimples, gap between front teeth if present). Do NOT invent a new face, do NOT beautify into a different child, do NOT swap ethnicity. Age up or down from the source as needed to hit the named age. NEVER make her 14 or older. NEVER make her an adult. AGE — 13 YEARS OLD: thirteen years old — oldest in this range, still a child not 14+, no developed figure, no adult jaw. Child body for that age. No adult makeup, no adult jaw, no developed figure. She has not yet become a pirate. SVARTA MALIN AS A CHILD: This is Malin before the legend — a sailor's daughter at the named age. Innocent, curious. She may be aboard or ashore on the Swedish coast. Not a captain, not dangerous, not posing in a photographer's studio. INNOCENCE — NON-NEGOTIABLE: She is a child. No weapons of any kind. No flintlock, cutlass, dagger, axe, pistol, sword, hook, eyepatch, Jolly Roger, skull-and-crossbones, pirate hat, tricorn, parrot-as-pirate-prop, treasure-chest loot, rum bottle, or boarding gear. No adult sexuality, no glamour makeup, no lipstick, no smoky kohl, no beauty spot, no hoop-earring pirate jewellery, no feather boa. Nautical child clothes only — striped sailor kit, not a pirate captain's coat. A telescope is a child's brass spyglass, never a weapon. COSTUME — NAUTICAL, TATTERED CHILD: Wear the specific outfit named below. Lived-in, salt and wind, a bit tattered — not costume-shop new, not gold-braid captain finery. Never a pirate coat with epaulettes, never a sash with weapons, never a tricorn. SETTING — COASTAL CHILDHOOD, NEVER A STUDIO: Follow the named place, weather, and light. Outdoors, nautical, Swedish coast. Never a photographer's studio, never a painted backdrop curtain, never a stool in front of a cyclorama, never a garden, never a cottage porch. FACIAL EXPRESSION — PRESERVE FROM SOURCE, NON-NEGOTIABLE: Keep the exact expression from the input photo. Same smile or mouth, same eye openness, same eyebrow position, same gaze direction as far as the new pose allows. Do NOT invent a new expression. Body and setting may change; the face stays the same. BODY & POSTURE: Follow the named pose. A child's body — unguarded, no power stance, no hip cock, no chin-up captain address. PORTRAIT CRAFT — WELL MADE: A finished commissioned portrait in the stated medium. Confident composition, careful likeness, handmade and skilled — not clumsy, not a school-play poster, not a snapshot, not a studio cyclorama. Make a well-made portrait of this girl as Svarta Malin at 13 years old — innocent, not yet a pirate. Portrait orientation, aspect ratio 63:88 (playing card proportions), vertical composition.

Medium: Prussian-blue cyanotype look, then hand-tinted cheeks and hair — still handmade, not a studio photo. Palette: cold Prussian blue, cream, a little rust. Framing: cropped at the knees, wind filling the rest of the frame. Place: on a stone harbour wall / quay, ladders, iron rings, fishing boats at rest. Weather: sea fog, masts and rocks half-lost, soft edges. Light: a shaft of sun through fog, theatrical but natural. Pose: sitting on a stone bollard, swinging one foot. Facial expression: exact same facial expression as the input photo — unchanged smile, mouth, eyes, and eyebrows. Hair: same colour and hairline as the source; one messy braid. Costume (nautical, a bit tattered): patched canvas dungarees over a striped vest, one strap unbuttoned. Prop (must be visible): a small brass spyglass held to one eye — a child's telescope, not a captain's. No studio, no weapons, no pirate captain costume, no adult glamour. Vintage Svarta Malin portrait — weathered, nostalgic, faintly melancholic. Use the named palette. The chosen medium must read clearly and look well-made. NOT a photographer's studio, NOT CGI, NOT neon, NOT Disney, NOT a children's-book cartoon, NOT glossy digital, NOT hyperrealistic photography. No studio photograph, no photographer's backdrop, no painted kuliss curtain, no stool-and-cyclorama, no garden, no cottage, no school portrait, no pirate, no captain, no tricorn, no skull-and-crossbones, no Jolly Roger, no flintlock, no pistol, no cutlass, no sword, no dagger, no axe, no hook, no eyepatch, no parrot, no rum, no treasure chest of loot, no adult woman, no 14-or-older teen, no aged-up adult face, no different person, no face swap, no generic model child, no altered bone structure, no adult makeup, no lipstick, no smoky kohl, no beauty spot, no hoop pirate earrings, no feather boa, no sexy pose, no glamour stare, no hammy villain expression, no new facial expression, no power stance, no Pirates of the Caribbean, no Jack Sparrow, no Disney pirate, no modern clothing, no bright saturated colors, no clean digital look, no neon, no glossy CGI, no hyperrealistic skin, no cartoon, no text, no watermark, no playing card overlay.

================================================================================
2026-08-29T10:57:49.043Z
status: ok
source: IMG_5374.JPG
output: IMG_5374-v11.jpg
version: 11
backend: codex-subscription
keep_expression: true
summary: keep expr · age 9 · dock · limited three-colo · leaning on a piling
duration_sec: 36.6

picks:
  age: 9
  ageNote: nine years old — longer legs than a six-year-old, still a child, no teen features
  location: dock
  place: on a weathered wooden dock / jetty, pilings and still harbour water, moored boats behind
  pose: leaning on a piling, looking back toward the viewer
  gaze: exact same facial expression as the input photo — unchanged smile, mouth, eyes, and eyebrows
  media: limited three-colour letterpress-style print, cream, navy, rust
  costume: too-big salt-stained pea coat, striped undershirt, rope belt, hem coming down
  props: a wooden toy boat she is about to set on the water
  weather: stiff breeze, clothes and hair moving, whitecaps far out
  light: late afternoon raking light across planks or granite
  framing: half-length, the named prop large in the foreground
  hair: same colour and hairline as the source; tucked behind both ears
  palette: faded rust, moss green, driftwood grey

prompt:
HIGHEST PRIORITY — FACIAL IDENTITY: This must be unmistakably the same girl as in the input photo, aged to the named age (between 6 and 13). Preserve bone structure, jawline, cheekbones, nose shape, eye shape and spacing, ears, hairline, hair colour, skin tone, and distinctive features (freckles, dimples, gap between front teeth if present). Do NOT invent a new face, do NOT beautify into a different child, do NOT swap ethnicity. Age up or down from the source as needed to hit the named age. NEVER make her 14 or older. NEVER make her an adult. AGE — 9 YEARS OLD: nine years old — longer legs than a six-year-old, still a child, no teen features. Child body for that age. No adult makeup, no adult jaw, no developed figure. She has not yet become a pirate. SVARTA MALIN AS A CHILD: This is Malin before the legend — a sailor's daughter at the named age. Innocent, curious. She may be aboard or ashore on the Swedish coast. Not a captain, not dangerous, not posing in a photographer's studio. INNOCENCE — NON-NEGOTIABLE: She is a child. No weapons of any kind. No flintlock, cutlass, dagger, axe, pistol, sword, hook, eyepatch, Jolly Roger, skull-and-crossbones, pirate hat, tricorn, parrot-as-pirate-prop, treasure-chest loot, rum bottle, or boarding gear. No adult sexuality, no glamour makeup, no lipstick, no smoky kohl, no beauty spot, no hoop-earring pirate jewellery, no feather boa. Nautical child clothes only — striped sailor kit, not a pirate captain's coat. A telescope is a child's brass spyglass, never a weapon. COSTUME — NAUTICAL, TATTERED CHILD: Wear the specific outfit named below. Lived-in, salt and wind, a bit tattered — not costume-shop new, not gold-braid captain finery. Never a pirate coat with epaulettes, never a sash with weapons, never a tricorn. SETTING — COASTAL CHILDHOOD, NEVER A STUDIO: Follow the named place, weather, and light. Outdoors, nautical, Swedish coast. Never a photographer's studio, never a painted backdrop curtain, never a stool in front of a cyclorama, never a garden, never a cottage porch. FACIAL EXPRESSION — PRESERVE FROM SOURCE, NON-NEGOTIABLE: Keep the exact expression from the input photo. Same smile or mouth, same eye openness, same eyebrow position, same gaze direction as far as the new pose allows. Do NOT invent a new expression. Body and setting may change; the face stays the same. BODY & POSTURE: Follow the named pose. A child's body — unguarded, no power stance, no hip cock, no chin-up captain address. PORTRAIT CRAFT — WELL MADE: A finished commissioned portrait in the stated medium. Confident composition, careful likeness, handmade and skilled — not clumsy, not a school-play poster, not a snapshot, not a studio cyclorama. Make a well-made portrait of this girl as Svarta Malin at 9 years old — innocent, not yet a pirate. Portrait orientation, aspect ratio 63:88 (playing card proportions), vertical composition.

Medium: limited three-colour letterpress-style print, cream, navy, rust. Palette: faded rust, moss green, driftwood grey. Framing: half-length, the named prop large in the foreground. Place: on a weathered wooden dock / jetty, pilings and still harbour water, moored boats behind. Weather: stiff breeze, clothes and hair moving, whitecaps far out. Light: late afternoon raking light across planks or granite. Pose: leaning on a piling, looking back toward the viewer. Facial expression: exact same facial expression as the input photo — unchanged smile, mouth, eyes, and eyebrows. Hair: same colour and hairline as the source; tucked behind both ears. Costume (nautical, a bit tattered): too-big salt-stained pea coat, striped undershirt, rope belt, hem coming down. Prop (must be visible): a wooden toy boat she is about to set on the water. No studio, no weapons, no pirate captain costume, no adult glamour. Vintage Svarta Malin portrait — weathered, nostalgic, faintly melancholic. Use the named palette. The chosen medium must read clearly and look well-made. NOT a photographer's studio, NOT CGI, NOT neon, NOT Disney, NOT a children's-book cartoon, NOT glossy digital, NOT hyperrealistic photography. No studio photograph, no photographer's backdrop, no painted kuliss curtain, no stool-and-cyclorama, no garden, no cottage, no school portrait, no pirate, no captain, no tricorn, no skull-and-crossbones, no Jolly Roger, no flintlock, no pistol, no cutlass, no sword, no dagger, no axe, no hook, no eyepatch, no parrot, no rum, no treasure chest of loot, no adult woman, no 14-or-older teen, no aged-up adult face, no different person, no face swap, no generic model child, no altered bone structure, no adult makeup, no lipstick, no smoky kohl, no beauty spot, no hoop pirate earrings, no feather boa, no sexy pose, no glamour stare, no hammy villain expression, no new facial expression, no power stance, no Pirates of the Caribbean, no Jack Sparrow, no Disney pirate, no modern clothing, no bright saturated colors, no clean digital look, no neon, no glossy CGI, no hyperrealistic skin, no cartoon, no text, no watermark, no playing card overlay.

================================================================================
2026-08-29T10:58:55.990Z
status: ok
source: IMG_5375.JPG
output: IMG_5375-v11.jpg
version: 11
backend: codex-subscription
keep_expression: true
summary: keep expr · age 10 · beached · soft pastel on ton · sitting in the shade u
duration_sec: 66.9

picks:
  age: 10
  ageNote: ten years old — middle childhood, no developed figure, no adult jaw
  location: beached
  place: among several beached fishing boats on a strand, keels in the sand
  pose: sitting in the shade under a beached hull
  gaze: exact same facial expression as the input photo — unchanged smile, mouth, eyes, and eyebrows
  media: soft pastel on toned paper, chalky strokes, sea-air light
  costume: only a striped singlet and rolled trousers, sun on her shoulders, salt on her skin
  props: a wooden bucket, empty, the rope handle in one hand
  weather: stiff breeze, clothes and hair moving, whitecaps far out
  light: midday glare bouncing off the water onto her chin
  framing: full-length, the child small in the landscape
  hair: same colour and hairline as the source; tucked behind both ears
  palette: faded rust, moss green, driftwood grey

prompt:
HIGHEST PRIORITY — FACIAL IDENTITY: This must be unmistakably the same girl as in the input photo, aged to the named age (between 6 and 13). Preserve bone structure, jawline, cheekbones, nose shape, eye shape and spacing, ears, hairline, hair colour, skin tone, and distinctive features (freckles, dimples, gap between front teeth if present). Do NOT invent a new face, do NOT beautify into a different child, do NOT swap ethnicity. Age up or down from the source as needed to hit the named age. NEVER make her 14 or older. NEVER make her an adult. AGE — 10 YEARS OLD: ten years old — middle childhood, no developed figure, no adult jaw. Child body for that age. No adult makeup, no adult jaw, no developed figure. She has not yet become a pirate. SVARTA MALIN AS A CHILD: This is Malin before the legend — a sailor's daughter at the named age. Innocent, curious. She may be aboard or ashore on the Swedish coast. Not a captain, not dangerous, not posing in a photographer's studio. INNOCENCE — NON-NEGOTIABLE: She is a child. No weapons of any kind. No flintlock, cutlass, dagger, axe, pistol, sword, hook, eyepatch, Jolly Roger, skull-and-crossbones, pirate hat, tricorn, parrot-as-pirate-prop, treasure-chest loot, rum bottle, or boarding gear. No adult sexuality, no glamour makeup, no lipstick, no smoky kohl, no beauty spot, no hoop-earring pirate jewellery, no feather boa. Nautical child clothes only — striped sailor kit, not a pirate captain's coat. A telescope is a child's brass spyglass, never a weapon. COSTUME — NAUTICAL, TATTERED CHILD: Wear the specific outfit named below. Lived-in, salt and wind, a bit tattered — not costume-shop new, not gold-braid captain finery. Never a pirate coat with epaulettes, never a sash with weapons, never a tricorn. SETTING — COASTAL CHILDHOOD, NEVER A STUDIO: Follow the named place, weather, and light. Outdoors, nautical, Swedish coast. Never a photographer's studio, never a painted backdrop curtain, never a stool in front of a cyclorama, never a garden, never a cottage porch. FACIAL EXPRESSION — PRESERVE FROM SOURCE, NON-NEGOTIABLE: Keep the exact expression from the input photo. Same smile or mouth, same eye openness, same eyebrow position, same gaze direction as far as the new pose allows. Do NOT invent a new expression. Body and setting may change; the face stays the same. BODY & POSTURE: Follow the named pose. A child's body — unguarded, no power stance, no hip cock, no chin-up captain address. PORTRAIT CRAFT — WELL MADE: A finished commissioned portrait in the stated medium. Confident composition, careful likeness, handmade and skilled — not clumsy, not a school-play poster, not a snapshot, not a studio cyclorama. Make a well-made portrait of this girl as Svarta Malin at 10 years old — innocent, not yet a pirate. Portrait orientation, aspect ratio 63:88 (playing card proportions), vertical composition.

Medium: soft pastel on toned paper, chalky strokes, sea-air light. Palette: faded rust, moss green, driftwood grey. Framing: full-length, the child small in the landscape. Place: among several beached fishing boats on a strand, keels in the sand. Weather: stiff breeze, clothes and hair moving, whitecaps far out. Light: midday glare bouncing off the water onto her chin. Pose: sitting in the shade under a beached hull. Facial expression: exact same facial expression as the input photo — unchanged smile, mouth, eyes, and eyebrows. Hair: same colour and hairline as the source; tucked behind both ears. Costume (nautical, a bit tattered): only a striped singlet and rolled trousers, sun on her shoulders, salt on her skin. Prop (must be visible): a wooden bucket, empty, the rope handle in one hand. No studio, no weapons, no pirate captain costume, no adult glamour. Vintage Svarta Malin portrait — weathered, nostalgic, faintly melancholic. Use the named palette. The chosen medium must read clearly and look well-made. NOT a photographer's studio, NOT CGI, NOT neon, NOT Disney, NOT a children's-book cartoon, NOT glossy digital, NOT hyperrealistic photography. No studio photograph, no photographer's backdrop, no painted kuliss curtain, no stool-and-cyclorama, no garden, no cottage, no school portrait, no pirate, no captain, no tricorn, no skull-and-crossbones, no Jolly Roger, no flintlock, no pistol, no cutlass, no sword, no dagger, no axe, no hook, no eyepatch, no parrot, no rum, no treasure chest of loot, no adult woman, no 14-or-older teen, no aged-up adult face, no different person, no face swap, no generic model child, no altered bone structure, no adult makeup, no lipstick, no smoky kohl, no beauty spot, no hoop pirate earrings, no feather boa, no sexy pose, no glamour stare, no hammy villain expression, no new facial expression, no power stance, no Pirates of the Caribbean, no Jack Sparrow, no Disney pirate, no modern clothing, no bright saturated colors, no clean digital look, no neon, no glossy CGI, no hyperrealistic skin, no cartoon, no text, no watermark, no playing card overlay.

================================================================================
2026-08-29T11:00:09.949Z
status: ok
source: IMG_5376.JPG
output: IMG_5376-v11.jpg
version: 11
backend: codex-subscription
keep_expression: true
summary: keep expr · age 9 · ship · conté crayon portr · lying on her stomach o
duration_sec: 74.0

picks:
  age: 9
  ageNote: nine years old — longer legs than a six-year-old, still a child, no teen features
  location: ship
  place: on the deck of a wooden sailing ship — rail, mast, shrouds, canvas, sea beyond
  pose: lying on her stomach on warm deck planks, chin in hands
  gaze: exact same facial expression as the input photo — unchanged smile, mouth, eyes, and eyebrows
  media: conté crayon portrait on cream paper, warm brown and black, a little white chalk
  costume: sou'wester rain hat (not a tricorn) and a dripping oilskin, hair stuck to her cheeks
  props: a small unpainted wooden toy boat held in both hands
  weather: grey chop, a little spray
  light: backlit, hair a bright edge, face in open shade
  framing: close three-quarter, face large in the frame
  hair: same colour and hairline as the source; one messy braid
  palette: near-monochrome sepia with one note of faded red

prompt:
HIGHEST PRIORITY — FACIAL IDENTITY: This must be unmistakably the same girl as in the input photo, aged to the named age (between 6 and 13). Preserve bone structure, jawline, cheekbones, nose shape, eye shape and spacing, ears, hairline, hair colour, skin tone, and distinctive features (freckles, dimples, gap between front teeth if present). Do NOT invent a new face, do NOT beautify into a different child, do NOT swap ethnicity. Age up or down from the source as needed to hit the named age. NEVER make her 14 or older. NEVER make her an adult. AGE — 9 YEARS OLD: nine years old — longer legs than a six-year-old, still a child, no teen features. Child body for that age. No adult makeup, no adult jaw, no developed figure. She has not yet become a pirate. SVARTA MALIN AS A CHILD: This is Malin before the legend — a sailor's daughter at the named age. Innocent, curious. She may be aboard or ashore on the Swedish coast. Not a captain, not dangerous, not posing in a photographer's studio. INNOCENCE — NON-NEGOTIABLE: She is a child. No weapons of any kind. No flintlock, cutlass, dagger, axe, pistol, sword, hook, eyepatch, Jolly Roger, skull-and-crossbones, pirate hat, tricorn, parrot-as-pirate-prop, treasure-chest loot, rum bottle, or boarding gear. No adult sexuality, no glamour makeup, no lipstick, no smoky kohl, no beauty spot, no hoop-earring pirate jewellery, no feather boa. Nautical child clothes only — striped sailor kit, not a pirate captain's coat. A telescope is a child's brass spyglass, never a weapon. COSTUME — NAUTICAL, TATTERED CHILD: Wear the specific outfit named below. Lived-in, salt and wind, a bit tattered — not costume-shop new, not gold-braid captain finery. Never a pirate coat with epaulettes, never a sash with weapons, never a tricorn. SETTING — COASTAL CHILDHOOD, NEVER A STUDIO: Follow the named place, weather, and light. Outdoors, nautical, Swedish coast. Never a photographer's studio, never a painted backdrop curtain, never a stool in front of a cyclorama, never a garden, never a cottage porch. FACIAL EXPRESSION — PRESERVE FROM SOURCE, NON-NEGOTIABLE: Keep the exact expression from the input photo. Same smile or mouth, same eye openness, same eyebrow position, same gaze direction as far as the new pose allows. Do NOT invent a new expression. Body and setting may change; the face stays the same. BODY & POSTURE: Follow the named pose. A child's body — unguarded, no power stance, no hip cock, no chin-up captain address. PORTRAIT CRAFT — WELL MADE: A finished commissioned portrait in the stated medium. Confident composition, careful likeness, handmade and skilled — not clumsy, not a school-play poster, not a snapshot, not a studio cyclorama. Make a well-made portrait of this girl as Svarta Malin at 9 years old — innocent, not yet a pirate. Portrait orientation, aspect ratio 63:88 (playing card proportions), vertical composition.

Medium: conté crayon portrait on cream paper, warm brown and black, a little white chalk. Palette: near-monochrome sepia with one note of faded red. Framing: close three-quarter, face large in the frame. Place: on the deck of a wooden sailing ship — rail, mast, shrouds, canvas, sea beyond. Weather: grey chop, a little spray. Light: backlit, hair a bright edge, face in open shade. Pose: lying on her stomach on warm deck planks, chin in hands. Facial expression: exact same facial expression as the input photo — unchanged smile, mouth, eyes, and eyebrows. Hair: same colour and hairline as the source; one messy braid. Costume (nautical, a bit tattered): sou'wester rain hat (not a tricorn) and a dripping oilskin, hair stuck to her cheeks. Prop (must be visible): a small unpainted wooden toy boat held in both hands. No studio, no weapons, no pirate captain costume, no adult glamour. Vintage Svarta Malin portrait — weathered, nostalgic, faintly melancholic. Use the named palette. The chosen medium must read clearly and look well-made. NOT a photographer's studio, NOT CGI, NOT neon, NOT Disney, NOT a children's-book cartoon, NOT glossy digital, NOT hyperrealistic photography. No studio photograph, no photographer's backdrop, no painted kuliss curtain, no stool-and-cyclorama, no garden, no cottage, no school portrait, no pirate, no captain, no tricorn, no skull-and-crossbones, no Jolly Roger, no flintlock, no pistol, no cutlass, no sword, no dagger, no axe, no hook, no eyepatch, no parrot, no rum, no treasure chest of loot, no adult woman, no 14-or-older teen, no aged-up adult face, no different person, no face swap, no generic model child, no altered bone structure, no adult makeup, no lipstick, no smoky kohl, no beauty spot, no hoop pirate earrings, no feather boa, no sexy pose, no glamour stare, no hammy villain expression, no new facial expression, no power stance, no Pirates of the Caribbean, no Jack Sparrow, no Disney pirate, no modern clothing, no bright saturated colors, no clean digital look, no neon, no glossy CGI, no hyperrealistic skin, no cartoon, no text, no watermark, no playing card overlay.

================================================================================
2026-08-29T12:55:25.358Z
status: ok
source: IMG_5372.JPG
output: IMG_5372-v12.jpg
version: 12
backend: codex-subscription
keep_expression: true
summary: keep expr · age 7 · ship · soft pastel on ton · three-quarter turn at 
duration_sec: 60.5

picks:
  age: 7
  ageNote: seven years old — still very small, slightly less baby-round, child proportions, skinny limbs
  location: ship
  place: on the deck of a wooden sailing ship — rail, mast, shrouds, canvas, sea beyond
  pose: three-quarter turn at the rail, looking back over her shoulder
  gaze: exact same facial expression as the input photo — unchanged smile, mouth, eyes, and eyebrows
  media: soft pastel on toned paper, chalky strokes, sea-air light
  costume: too-big salt-stained pea coat, striped undershirt, rope belt, hem coming down
  props: a single oar taller than she is, held upright
  weather: still high-summer noon, heat-haze over the water
  light: low evening sun, long warm shadows, gold on the water
  framing: half-length, the named prop large in the foreground
  hair: same colour and hairline as the source; one messy braid
  palette: near-monochrome sepia with one note of faded red

prompt:
HIGHEST PRIORITY — FACIAL IDENTITY: This must be unmistakably the same girl as in the input photo, aged to the named age (between 6 and 13). Preserve bone structure, jawline, cheekbones, nose shape, eye shape and spacing, ears, hairline, hair colour, skin tone, and distinctive features (freckles, dimples, gap between front teeth if present). Do NOT invent a new face, do NOT beautify into a different child, do NOT swap ethnicity. Age up or down from the source as needed to hit the named age. NEVER make her 14 or older. NEVER make her an adult. AGE — 7 YEARS OLD: seven years old — still very small, slightly less baby-round, child proportions, skinny limbs. Child body for that age. No adult makeup, no adult jaw, no developed figure. She has not yet become a pirate. SVARTA MALIN AS A CHILD: This is Malin before the legend — a sailor's daughter at the named age. Innocent, curious. She may be aboard or ashore on the Swedish coast. Not a captain, not dangerous, not posing in a photographer's studio. INNOCENCE — NON-NEGOTIABLE: She is a child. No weapons of any kind. No flintlock, cutlass, dagger, axe, pistol, sword, hook, eyepatch, Jolly Roger, skull-and-crossbones, pirate hat, tricorn, parrot-as-pirate-prop, treasure-chest loot, rum bottle, or boarding gear. No adult sexuality, no glamour makeup, no lipstick, no smoky kohl, no beauty spot, no hoop-earring pirate jewellery, no feather boa. Nautical child clothes only — striped sailor kit, not a pirate captain's coat. A telescope is a child's brass spyglass, never a weapon. COSTUME — NAUTICAL, TATTERED CHILD: Wear the specific outfit named below. Lived-in, salt and wind, a bit tattered — not costume-shop new, not gold-braid captain finery. Never a pirate coat with epaulettes, never a sash with weapons, never a tricorn. SETTING — COASTAL CHILDHOOD, NEVER A STUDIO: Follow the named place, weather, and light. Outdoors, nautical, Swedish coast. Never a photographer's studio, never a painted backdrop curtain, never a stool in front of a cyclorama, never a garden, never a cottage porch. FACIAL EXPRESSION — PRESERVE FROM SOURCE, NON-NEGOTIABLE: Keep the exact expression from the input photo. Same smile or mouth, same eye openness, same eyebrow position, same gaze direction as far as the new pose allows. Do NOT invent a new expression. Body and setting may change; the face stays the same. BODY & POSTURE: Follow the named pose. A child's body — unguarded, no power stance, no hip cock, no chin-up captain address. PORTRAIT CRAFT — WELL MADE: A finished commissioned portrait in the stated medium. Confident composition, careful likeness, handmade and skilled — not clumsy, not a school-play poster, not a snapshot, not a studio cyclorama. Make a well-made portrait of this girl as Svarta Malin at 7 years old — innocent, not yet a pirate. Portrait orientation, aspect ratio 63:88 (playing card proportions), vertical composition.

Medium: soft pastel on toned paper, chalky strokes, sea-air light. Palette: near-monochrome sepia with one note of faded red. Framing: half-length, the named prop large in the foreground. Place: on the deck of a wooden sailing ship — rail, mast, shrouds, canvas, sea beyond. Weather: still high-summer noon, heat-haze over the water. Light: low evening sun, long warm shadows, gold on the water. Pose: three-quarter turn at the rail, looking back over her shoulder. Facial expression: exact same facial expression as the input photo — unchanged smile, mouth, eyes, and eyebrows. Hair: same colour and hairline as the source; one messy braid. Costume (nautical, a bit tattered): too-big salt-stained pea coat, striped undershirt, rope belt, hem coming down. Prop (must be visible): a single oar taller than she is, held upright. No studio, no weapons, no pirate captain costume, no adult glamour. Vintage Svarta Malin portrait — weathered, nostalgic, faintly melancholic. Use the named palette. The chosen medium must read clearly and look well-made. NOT a photographer's studio, NOT CGI, NOT neon, NOT Disney, NOT a children's-book cartoon, NOT glossy digital, NOT hyperrealistic photography. No studio photograph, no photographer's backdrop, no painted kuliss curtain, no stool-and-cyclorama, no garden, no cottage, no school portrait, no pirate, no captain, no tricorn, no skull-and-crossbones, no Jolly Roger, no flintlock, no pistol, no cutlass, no sword, no dagger, no axe, no hook, no eyepatch, no parrot, no rum, no treasure chest of loot, no adult woman, no 14-or-older teen, no aged-up adult face, no different person, no face swap, no generic model child, no altered bone structure, no adult makeup, no lipstick, no smoky kohl, no beauty spot, no hoop pirate earrings, no feather boa, no sexy pose, no glamour stare, no hammy villain expression, no new facial expression, no power stance, no Pirates of the Caribbean, no Jack Sparrow, no Disney pirate, no modern clothing, no bright saturated colors, no clean digital look, no neon, no glossy CGI, no hyperrealistic skin, no cartoon, no text, no watermark, no playing card overlay.

================================================================================
2026-08-29T12:56:22.237Z
status: ok
source: IMG_5373.JPG
output: IMG_5373-v12.jpg
version: 12
backend: codex-subscription
keep_expression: true
summary: keep expr · age 6 · lighthouse · limited three-colo · standing small against
duration_sec: 56.9

picks:
  age: 6
  ageNote: six years old — round cheeks, short stature, large head relative to body, small hands, milk teeth or a gap, clearly a little child
  location: lighthouse
  place: at the foot of a whitewashed lighthouse on granite, door ajar, sea and sky huge
  pose: standing small against the lighthouse wall, looking toward the viewer
  gaze: exact same facial expression as the input photo — unchanged smile, mouth, eyes, and eyebrows
  media: limited three-colour letterpress-style print, cream, navy, rust
  costume: worn sailor kit: navy wool, cream stripe, a tear at the shoulder carefully darned
  props: a carved pine toy boat with a paper sail, in her lap
  weather: still high-summer noon, heat-haze over the water
  light: backlit, hair a bright edge, face in open shade
  framing: she is off-centre, the sea taking half the picture
  hair: same colour and hairline as the source; tucked behind both ears
  palette: limited green, orange, cream — slightly faded print colours

prompt:
HIGHEST PRIORITY — FACIAL IDENTITY: This must be unmistakably the same girl as in the input photo, aged to the named age (between 6 and 13). Preserve bone structure, jawline, cheekbones, nose shape, eye shape and spacing, ears, hairline, hair colour, skin tone, and distinctive features (freckles, dimples, gap between front teeth if present). Do NOT invent a new face, do NOT beautify into a different child, do NOT swap ethnicity. Age up or down from the source as needed to hit the named age. NEVER make her 14 or older. NEVER make her an adult. AGE — 6 YEARS OLD: six years old — round cheeks, short stature, large head relative to body, small hands, milk teeth or a gap, clearly a little child. Child body for that age. No adult makeup, no adult jaw, no developed figure. She has not yet become a pirate. SVARTA MALIN AS A CHILD: This is Malin before the legend — a sailor's daughter at the named age. Innocent, curious. She may be aboard or ashore on the Swedish coast. Not a captain, not dangerous, not posing in a photographer's studio. INNOCENCE — NON-NEGOTIABLE: She is a child. No weapons of any kind. No flintlock, cutlass, dagger, axe, pistol, sword, hook, eyepatch, Jolly Roger, skull-and-crossbones, pirate hat, tricorn, parrot-as-pirate-prop, treasure-chest loot, rum bottle, or boarding gear. No adult sexuality, no glamour makeup, no lipstick, no smoky kohl, no beauty spot, no hoop-earring pirate jewellery, no feather boa. Nautical child clothes only — striped sailor kit, not a pirate captain's coat. A telescope is a child's brass spyglass, never a weapon. COSTUME — NAUTICAL, TATTERED CHILD: Wear the specific outfit named below. Lived-in, salt and wind, a bit tattered — not costume-shop new, not gold-braid captain finery. Never a pirate coat with epaulettes, never a sash with weapons, never a tricorn. SETTING — COASTAL CHILDHOOD, NEVER A STUDIO: Follow the named place, weather, and light. Outdoors, nautical, Swedish coast. Never a photographer's studio, never a painted backdrop curtain, never a stool in front of a cyclorama, never a garden, never a cottage porch. FACIAL EXPRESSION — PRESERVE FROM SOURCE, NON-NEGOTIABLE: Keep the exact expression from the input photo. Same smile or mouth, same eye openness, same eyebrow position, same gaze direction as far as the new pose allows. Do NOT invent a new expression. Body and setting may change; the face stays the same. BODY & POSTURE: Follow the named pose. A child's body — unguarded, no power stance, no hip cock, no chin-up captain address. PORTRAIT CRAFT — WELL MADE: A finished commissioned portrait in the stated medium. Confident composition, careful likeness, handmade and skilled — not clumsy, not a school-play poster, not a snapshot, not a studio cyclorama. Make a well-made portrait of this girl as Svarta Malin at 6 years old — innocent, not yet a pirate. Portrait orientation, aspect ratio 63:88 (playing card proportions), vertical composition.

Medium: limited three-colour letterpress-style print, cream, navy, rust. Palette: limited green, orange, cream — slightly faded print colours. Framing: she is off-centre, the sea taking half the picture. Place: at the foot of a whitewashed lighthouse on granite, door ajar, sea and sky huge. Weather: still high-summer noon, heat-haze over the water. Light: backlit, hair a bright edge, face in open shade. Pose: standing small against the lighthouse wall, looking toward the viewer. Facial expression: exact same facial expression as the input photo — unchanged smile, mouth, eyes, and eyebrows. Hair: same colour and hairline as the source; tucked behind both ears. Costume (nautical, a bit tattered): worn sailor kit: navy wool, cream stripe, a tear at the shoulder carefully darned. Prop (must be visible): a carved pine toy boat with a paper sail, in her lap. No studio, no weapons, no pirate captain costume, no adult glamour. Vintage Svarta Malin portrait — weathered, nostalgic, faintly melancholic. Use the named palette. The chosen medium must read clearly and look well-made. NOT a photographer's studio, NOT CGI, NOT neon, NOT Disney, NOT a children's-book cartoon, NOT glossy digital, NOT hyperrealistic photography. No studio photograph, no photographer's backdrop, no painted kuliss curtain, no stool-and-cyclorama, no garden, no cottage, no school portrait, no pirate, no captain, no tricorn, no skull-and-crossbones, no Jolly Roger, no flintlock, no pistol, no cutlass, no sword, no dagger, no axe, no hook, no eyepatch, no parrot, no rum, no treasure chest of loot, no adult woman, no 14-or-older teen, no aged-up adult face, no different person, no face swap, no generic model child, no altered bone structure, no adult makeup, no lipstick, no smoky kohl, no beauty spot, no hoop pirate earrings, no feather boa, no sexy pose, no glamour stare, no hammy villain expression, no new facial expression, no power stance, no Pirates of the Caribbean, no Jack Sparrow, no Disney pirate, no modern clothing, no bright saturated colors, no clean digital look, no neon, no glossy CGI, no hyperrealistic skin, no cartoon, no text, no watermark, no playing card overlay.

================================================================================
2026-08-29T12:59:30.695Z
status: ok
source: IMG_5372.JPG
output: IMG_5372-v13.jpg
version: 13
backend: codex-subscription
keep_expression: true
summary: keep expr · age 13 · harbour · vintage chromolith · leaning over the quay 
duration_sec: 147.6

picks:
  age: 13
  ageNote: thirteen years old — oldest in this range, still a child not 14+, no developed figure, no adult jaw
  location: harbour
  place: on a stone harbour wall / quay, ladders, iron rings, fishing boats at rest
  pose: leaning over the quay edge, curious, not commanding
  gaze: exact same facial expression as the input photo — unchanged smile, mouth, eyes, and eyebrows
  media: vintage chromolithograph, cabinet-card / cigarette-card print, limited bold palette slightly faded
  costume: grey wool socks with holes, wooden clogs, short smock, wind at the hem
  props: thin marline / spare line she is fidgeting into a knot
  weather: bright overcast Baltic light, no hard shadows
  light: midday glare bouncing off the water onto her chin
  framing: half-length, the named prop large in the foreground
  hair: same colour and hairline as the source; one messy braid
  palette: chalky pastels: grey-blue, sand, white

prompt:
HIGHEST PRIORITY — FACIAL IDENTITY: This must be unmistakably the same girl as in the input photo, aged to the named age (between 6 and 13). Preserve bone structure, jawline, cheekbones, nose shape, eye shape and spacing, ears, hairline, hair colour, skin tone, and distinctive features (freckles, dimples, gap between front teeth if present). Do NOT invent a new face, do NOT beautify into a different child, do NOT swap ethnicity. Age up or down from the source as needed to hit the named age. NEVER make her 14 or older. NEVER make her an adult. AGE — 13 YEARS OLD: thirteen years old — oldest in this range, still a child not 14+, no developed figure, no adult jaw. Child body for that age. No adult makeup, no adult jaw, no developed figure. She has not yet become a pirate. SVARTA MALIN AS A CHILD: This is Malin before the legend — a sailor's daughter at the named age. Innocent, curious. She may be aboard or ashore on the Swedish coast. Not a captain, not dangerous, not posing in a photographer's studio. INNOCENCE — NON-NEGOTIABLE: She is a child. No weapons of any kind. No flintlock, cutlass, dagger, axe, pistol, sword, hook, eyepatch, Jolly Roger, skull-and-crossbones, pirate hat, tricorn, parrot-as-pirate-prop, treasure-chest loot, rum bottle, or boarding gear. No adult sexuality, no glamour makeup, no lipstick, no smoky kohl, no beauty spot, no hoop-earring pirate jewellery, no feather boa. Nautical child clothes only — striped sailor kit, not a pirate captain's coat. A telescope is a child's brass spyglass, never a weapon. COSTUME — NAUTICAL, TATTERED CHILD: Wear the specific outfit named below. Lived-in, salt and wind, a bit tattered — not costume-shop new, not gold-braid captain finery. Never a pirate coat with epaulettes, never a sash with weapons, never a tricorn. SETTING — COASTAL CHILDHOOD, NEVER A STUDIO: Follow the named place, weather, and light. Outdoors, nautical, Swedish coast. Never a photographer's studio, never a painted backdrop curtain, never a stool in front of a cyclorama, never a garden, never a cottage porch. FACIAL EXPRESSION — PRESERVE FROM SOURCE, NON-NEGOTIABLE: Keep the exact expression from the input photo. Same smile or mouth, same eye openness, same eyebrow position, same gaze direction as far as the new pose allows. Do NOT invent a new expression. Body and setting may change; the face stays the same. BODY & POSTURE: Follow the named pose. A child's body — unguarded, no power stance, no hip cock, no chin-up captain address. PORTRAIT CRAFT — WELL MADE: A finished commissioned portrait in the stated medium. Confident composition, careful likeness, handmade and skilled — not clumsy, not a school-play poster, not a snapshot, not a studio cyclorama. Make a well-made portrait of this girl as Svarta Malin at 13 years old — innocent, not yet a pirate. Portrait orientation, aspect ratio 63:88 (playing card proportions), vertical composition.

Medium: vintage chromolithograph, cabinet-card / cigarette-card print, limited bold palette slightly faded. Palette: chalky pastels: grey-blue, sand, white. Framing: half-length, the named prop large in the foreground. Place: on a stone harbour wall / quay, ladders, iron rings, fishing boats at rest. Weather: bright overcast Baltic light, no hard shadows. Light: midday glare bouncing off the water onto her chin. Pose: leaning over the quay edge, curious, not commanding. Facial expression: exact same facial expression as the input photo — unchanged smile, mouth, eyes, and eyebrows. Hair: same colour and hairline as the source; one messy braid. Costume (nautical, a bit tattered): grey wool socks with holes, wooden clogs, short smock, wind at the hem. Prop (must be visible): thin marline / spare line she is fidgeting into a knot. No studio, no weapons, no pirate captain costume, no adult glamour. Vintage Svarta Malin portrait — weathered, nostalgic, faintly melancholic. Use the named palette. The chosen medium must read clearly and look well-made. NOT a photographer's studio, NOT CGI, NOT neon, NOT Disney, NOT a children's-book cartoon, NOT glossy digital, NOT hyperrealistic photography. No studio photograph, no photographer's backdrop, no painted kuliss curtain, no stool-and-cyclorama, no garden, no cottage, no school portrait, no pirate, no captain, no tricorn, no skull-and-crossbones, no Jolly Roger, no flintlock, no pistol, no cutlass, no sword, no dagger, no axe, no hook, no eyepatch, no parrot, no rum, no treasure chest of loot, no adult woman, no 14-or-older teen, no aged-up adult face, no different person, no face swap, no generic model child, no altered bone structure, no adult makeup, no lipstick, no smoky kohl, no beauty spot, no hoop pirate earrings, no feather boa, no sexy pose, no glamour stare, no hammy villain expression, no new facial expression, no power stance, no Pirates of the Caribbean, no Jack Sparrow, no Disney pirate, no modern clothing, no bright saturated colors, no clean digital look, no neon, no glossy CGI, no hyperrealistic skin, no cartoon, no text, no watermark, no playing card overlay.

